"Constituency","MP","Party","Projected % of children in a household where an adult experienced domestic abuse in last year","Projected % of children in a household where an adult has ever experienced domestic abuse","Projected % of children in a household where an adult has moderate or higher mental ill-health symptoms","Projected % of children in a household where an adult has severe mental ill-health symptoms","Projected % of children in a household where an adult reports any substance misuse","Projected % of children in a household where an adult has an alcohol or drug dependency","Projected % of children in a household where an adult has any of the 'toxic trio' issues (broad measures)","Projected % of children in a household where an adult has any of the 'toxic trio' issues (narrow measures)","Projected % of children in a household where an adult has 2 of 3 'toxic trio' issues (broad measures)","Projected % of children in a household where an adult has 2 of 3 'toxic trio' issues (narrow measures)","Projected % of children in a household where an adult has 2 or more of the toxic trio issues (broad measures)","Projected % of children in a household where an adult has 2 or more of the toxic trio issues (narrow measures)","Projected % of children in a household where an adult has all 3 of the 'toxic trio' issues (broad measures)","Projected % of children in a household where an adult has all 3 of the 'toxic trio' issues (narrow measures)"
"Aldershot","Leo Docherty","Conservative",6.91,26.33,30.6,11.72,9.76,3.81,45.41,17.01,14.69,3.31,18.02,4.46,3.26,0.89
"Aldridge-Brownhills","Wendy Morton","Conservative",7.24,27.27,30.77,12.13,10.47,3.93,46.51,17.46,14.88,3.38,18.53,4.55,3.65,0.95
"Altrincham and Sale West","Sir Graham Brady","Conservative",7.26,28.79,31.18,12.43,10.18,3.86,47.97,17.32,15.4,3.35,19.16,4.73,3.71,0.85
"Amber Valley","Nigel Mills","Conservative",6.84,26.6,31.76,12.92,10.36,4.54,46.53,17.76,15.26,3.85,18.84,5.09,3.58,0.95
"Arundel and South Downs","Nick Herbert","Conservative",5.71,24.12,27.55,9.74,9.96,3.53,42.98,14.44,12.27,2.31,15.13,3.37,2.98,0.64
"Ashfield","Gloria De Piero","Labour",6.94,26.86,31.71,12.58,10.62,4.11,46.38,17.94,15.44,3.91,18.88,5.01,3.54,0.85
"Ashford","Damian Green","Conservative",7.08,27.31,30.71,11.94,10.05,3.79,46.19,17.22,14.94,3.34,18.47,4.39,3.49,0.92
"Ashton-under-Lyne","Angela Rayner","Labour",8.61,29.52,35.79,15.81,10.93,5.04,49.95,21.21,18.81,4.97,22.96,6.35,4.02,1.36
"Aylesbury","Mr David Lidington","Conservative",6.65,25.51,30.55,12.26,10.77,4.35,45.32,16.88,14.11,3.22,17.49,4.61,3.64,0.93
"Banbury","Victoria Prentis","Conservative",6.68,25.55,29.35,10.61,9.66,3.64,44.4,15.63,13.57,2.96,16.95,4.25,3.27,0.86
"Barking","Dame Margaret Hodge","Labour",6.67,29.53,33.32,13.84,12.04,4.59,49.12,19.67,17.08,4.11,20.66,5.21,3.82,1.19
"Barnsley Central","Dan Jarvis","Labour",7.09,27.38,32.09,13.01,10.7,4.02,46.92,18.46,15.75,4.07,19.32,5.12,3.7,0.93
"Barnsley East","Stephanie Peacock","Labour",7.32,28.12,33.06,13.53,10.47,4.37,47.63,18.74,16.72,4.12,20.33,5.45,3.52,1.12
"Barrow and Furness","John Woodcock","Independent",8,28.55,34.33,15.12,10.79,5.3,48.89,19.99,17.04,5.04,21.33,6.48,3.99,1.16
"Basildon and Billericay","Mr John Baron","Conservative",8.64,28.13,36.51,15.95,11.32,5.6,50.83,21.38,18.67,5.4,23.02,6.91,4.37,1.22
"Basingstoke","Mrs Maria Miller","Conservative",6.42,26.09,30.29,11.21,10.15,3.68,45.41,16.21,14.22,3.07,17.66,4.32,3.38,0.87
"Bassetlaw","John Mann","Labour",7.03,25.71,32.41,13.48,10.17,4.66,46.3,18.22,15.33,4.3,18.88,5.51,3.5,0.99
"Bath","Wera Hobhouse","Liberal Democrat",8.52,29.47,35.02,13.77,10.27,3.86,49.35,19.03,17.21,4.69,21.73,6.26,4.5,1.02
"Batley and Spen","Tracy Brabin","Labour Co-op",7.14,27.26,30.48,11.97,9.52,3.59,45.67,17.16,14.68,3.4,18.1,4.33,3.38,0.93
"Battersea","Marsha De Cordova","Labour",7.1,27.95,33.76,13.84,11.64,4.95,48,19.33,16.38,4.27,20.18,5.61,4.03,1.13
"Beaconsfield","Mr Dominic Grieve","Conservative",6.28,24.09,28.51,10.73,9.3,3.76,43.57,15.73,12.6,2.7,15.41,3.82,2.78,0.75
"Beckenham","Bob Stewart","Conservative",6.74,25.75,30.92,12.49,9.96,4.19,45.39,17,14.41,3.3,17.68,4.66,3.32,0.87
"Bedford","Mohammad Yasin","Labour",7.57,29.55,37.73,16.09,11.36,5.13,50,21.45,18.29,4.95,22.59,6.44,4.27,1.21
"Bermondsey and Old Southwark","Neil Coyle","Labour",6.84,29.83,33.54,14.12,12.13,4.7,49.26,20.11,17.4,4.26,21.08,5.3,3.97,1.18
"Berwick-upon-Tweed","Anne-Marie Trevelyan","Conservative",6.56,26.64,30.88,11.6,10.39,3.7,46.07,16.72,14.69,3.25,18.3,4.44,3.56,0.92
"Bethnal Green and Bow","Rushanara Ali","Labour",7.04,29.73,33.37,13.9,11.68,4.43,48.89,19.71,17.08,4.21,20.72,5.32,4.02,1.21
"Beverley and Holderness","Graham Stuart","Conservative",6.8,26.14,30.27,11.45,9.64,3.7,44.99,16.51,14.36,3.24,17.72,4.41,3.28,0.89
"Bexhill and Battle","Huw Merriman","Conservative",6.27,25.67,30.04,11.2,10.27,3.65,45.1,16.19,13.88,2.99,17.34,4.2,3.5,0.9
"Bexleyheath and Crayford","Sir David Evennett","Conservative",6.86,26.72,31.6,12.73,9.95,4.33,46.18,17.59,15.25,3.9,18.77,5.02,3.49,0.93
"Birkenhead","Frank Field","Independent",8.97,29.28,33.97,14.97,11.21,4.97,49.25,21.67,17.3,4.75,20.83,5.92,3.59,1.31
"Birmingham, Edgbaston","Preet Kaur Gill","Labour Co-op",8.24,31.83,34.35,14.65,11.06,4.58,50.19,20,18.12,4.55,22.25,5.92,4.07,1.23
"Birmingham, Erdington","Jack Dromey","Labour",8.23,31.54,34.86,15.15,12.76,5.17,51.43,21.12,18.35,4.73,22.55,6.08,4.97,1.23
"Birmingham, Hall Green","Mr Roger Godsiff","Labour",8.09,28.95,34.15,14.71,10.06,4.46,48.34,20.38,17.71,4.58,21.33,5.75,3.41,1.23
"Birmingham, Hodge Hill","Liam Byrne","Labour",6.91,29.86,33.17,13.84,11.44,4.23,48.79,19.49,16.99,4.19,20.53,5.27,3.76,1.16
"Birmingham, Ladywood","Shabana Mahmood","Labour",7.41,30.15,34.39,14.54,11.46,4.64,49.99,20.48,17.92,4.47,21.58,5.56,3.68,1.19
"Birmingham, Northfield","Richard Burden","Labour",7.46,30.49,34.66,14.86,11.6,4.84,49.96,20.88,18.36,4.61,22.21,5.69,4.01,1.19
"Birmingham, Perry Barr","Mr Khalid Mahmood","Labour",8.26,28.24,34.09,14.62,9.94,4.44,47.84,20.03,17.27,4.66,21,5.91,3.61,1.24
"Birmingham, Selly Oak","Steve McCabe","Labour",6.86,25.44,32.02,12.7,10.3,4.18,45.7,17.73,15.53,3.92,18.95,5.24,3.39,1.07
"Birmingham, Yardley","Jess Phillips","Labour",7.3,29.9,33.51,14.04,12.17,4.67,49.15,19.97,17.28,4.29,21.07,5.45,4.32,1.21
"Bishop Auckland","Helen Goodman","Labour",6.98,27.07,31.99,12.91,11.19,4.49,46.91,18.45,15.71,3.99,19.27,5.1,3.69,0.89
"Blackburn","Kate Hollern","Labour",7.73,27.87,33.05,14.25,10.04,4.59,47.35,20.2,16.97,4.39,20.52,5.53,3.39,1.24
"Blackley and Broughton","Graham Stringer","Labour",10.41,29.94,37.24,17.49,10.92,5.62,51.76,24.13,19.86,5.79,23.83,7.08,3.63,1.5
"Blackpool North and Cleveleys","Paul Maynard","Conservative",7.67,29.71,33.84,14.34,11.19,4.97,49.24,20.12,17.8,4.51,21.85,5.71,4.06,1.01
"Blackpool South","Gordon Marsden","Labour",8.68,30.63,34.86,15.51,12.04,5.3,50.82,22.08,18.27,5.07,22.17,6.17,4.18,1.32
"Blaydon","Liz Twist","Labour",6.68,26.08,29.93,11.43,9.55,3.6,45.01,16.38,13.95,3.08,17.2,4.1,3.24,0.9
"Blyth Valley","Mr Ronnie Campbell","Labour",6.65,26.73,33.02,13.19,11.34,4.95,46.89,18.75,16.03,4.05,19.53,5.13,3.51,1.07
"Bognor Regis and Littlehampton","Nick Gibb","Conservative",6.56,25.65,30.68,11.94,10.46,4.4,45.45,16.81,14.4,3.48,17.83,4.74,3.65,0.92
"Bolsover","Mr Dennis Skinner","Labour",7.3,28.43,35.15,14.75,10.94,4.85,48.36,20.09,16.95,4.61,20.88,5.97,4.05,1.17
"Bolton North East","Sir David Crausby","Labour",7.85,28.05,34.03,14.46,11.48,5.17,48.74,20.08,17.43,4.64,21.44,5.96,4.07,1.17
"Bolton South East","Yasmin Qureshi","Labour",8.07,29.52,35.08,15.34,11.15,5.18,49.73,21.2,18.55,4.73,22.55,6.02,3.84,1.29
"Bolton West","Chris Green","Conservative",7.53,28.57,31.6,12.68,9.88,3.88,47.04,18.16,16.05,3.73,19.66,4.73,3.46,0.94
"Bootle","Peter Dowd","Labour",7.74,28.29,34.96,15.28,11.95,5.6,49.76,21.63,17.88,4.72,21.6,5.94,3.84,1.32
"Boston and Skegness","Matt Warman","Conservative",6.93,26.75,32.32,12.96,10.6,4.29,46.09,18.46,15.61,4.04,19.14,5.05,3.73,1.1
"Bosworth","David Tredinnick","Conservative",6.79,26.06,30.42,11.54,9.72,3.75,45.21,16.76,14.44,3.23,17.76,4.38,3.24,0.89
"Bournemouth East","Mr Tobias Ellwood","Conservative",7.35,27.73,31.68,12.7,9.9,3.95,46.86,18.2,15.84,3.68,19.35,4.7,3.36,0.93
"Bournemouth West","Conor Burns","Conservative",7.42,29.11,35.23,14.82,11.39,4.83,48.95,20.17,17.26,4.57,21.28,6.01,4.12,1.16
"Bracknell","Dr Phillip Lee","Conservative",7.13,26.78,31.41,12.42,9.94,3.97,46.15,17.78,15.28,3.51,18.66,4.68,3.33,0.9
"Bradford East","Imran Hussain","Labour",7.14,27.01,32.45,13.22,10.88,4.44,47.2,18.49,16.09,3.99,19.66,5.36,3.52,1.04
"Bradford South","Judith Cummins","Labour",8.02,26.48,33.54,14.24,9.58,4.37,46.15,19.09,16.12,4.5,20.05,5.92,4.02,1.14
"Bradford West","Naz Shah","Labour",7.77,28.54,33.8,14.08,10.57,4.51,48.16,19.37,17.27,4.35,21.08,5.7,3.73,1.19
"Braintree","James Cleverly","Conservative",7.63,28.45,33.33,12.77,10.38,3.97,48.02,18.11,16.43,3.89,20.55,5.36,4,1.05
"Brent Central","Dawn Butler","Labour",6.82,28.59,33.01,13.6,11.56,4.46,48.07,19.27,16.58,4.08,20.06,5.26,3.8,1.18
"Brent North","Barry Gardiner","Labour",6.41,25.17,30.86,12.15,10.41,4.65,45.16,17.19,14.55,3.53,17.92,4.71,3.52,0.94
"Brentford and Isleworth","Ruth Cadbury","Labour",6.81,26.06,31.2,12.48,10.74,4.72,46.03,17.58,14.95,3.8,18.49,5.01,3.64,0.92
"Brentwood and Ongar","Alex Burghart","Conservative",8.05,28.35,33.26,13.69,9.78,3.9,47.45,18.99,16.65,4.03,20.12,5.13,3.47,0.95
"Bridgwater and West Somerset","Mr Ian Liddell-Grainger","Conservative",7.27,26.67,33.12,14.16,10.81,5.48,47.26,19.26,16.12,4.48,20.02,5.86,3.75,1.05
"Brigg and Goole","Andrew Percy","Conservative",7.2,26.36,32.97,12.48,10.2,3.96,47,17.52,15.64,3.73,19.36,5.23,3.48,0.98
"Brighton, Kemptown","Lloyd Russell-Moyle","Labour Co-op",6.84,25.73,31.27,12.25,10.42,3.8,45.29,17.41,14.75,3.81,18.13,4.91,3.62,0.87
"Brighton, Pavilion","Caroline Lucas","Green Party",6.44,26.13,30.56,11.33,10.28,3.72,45.53,16.39,14.41,3.14,17.94,4.36,3.49,0.91
"Bristol East","Kerry McCarthy","Labour",7.04,26.06,34.38,14.32,11.51,5.84,47.22,20.1,16.22,4.4,19.79,5.89,3.57,1.18
"Bristol North West","Darren Jones","Labour",7.39,26.99,34.47,14.36,9.97,4.51,47.05,19.67,16.34,4.65,19.86,5.94,3.4,1.17
"Bristol South","Karin Smyth","Labour",7.83,29.99,34.03,14.38,10.37,4.54,48.72,19.75,17.86,4.46,21.63,5.75,3.61,1.15
"Bristol West","Thangam Debbonaire","Labour",6.52,25.73,31.85,12.3,11.07,4.67,45.77,17.66,15.18,3.74,18.54,4.84,3.58,1.08
"Broadland","Mr Keith Simpson","Conservative",6.77,24.67,31.01,12.47,10.74,4.58,44.98,16.87,13.94,3.36,17.29,4.91,3.52,0.97
"Bromley and Chislehurst","Robert Neill","Conservative",6.34,25.15,30.42,11.67,10.23,4.29,44.98,16.52,14.19,3.34,17.45,4.53,3.48,0.93
"Bromsgrove","Sajid Javid","Conservative",6.22,24.68,29.27,10.72,10.01,3.9,44.25,15.59,13.29,2.79,16.58,4.1,3.19,0.86
"Broxbourne","Mr Charles Walker","Conservative",6.76,26.25,30.92,12.26,10.41,4.42,45.92,17.26,14.84,3.72,18.26,4.86,3.49,0.88
"Broxtowe","Anna Soubry","Change UK - The Independent Group",6.16,25.2,29.77,10.97,10.01,3.45,44.52,15.81,13.69,2.96,17.03,4.1,3.34,0.88
"Buckingham","John Bercow","Speaker",6.26,25.46,28.46,10.38,10.66,3.74,44.8,15.19,13.09,2.59,16.25,3.83,3.3,0.68
"Burnley","Julie Cooper","Labour",8.93,30.38,36.41,16.04,10.19,4.86,50.31,21.58,19.53,5.13,23.48,6.4,3.67,1.33
"Burton","Andrew Griffiths","Conservative",7.05,27.21,30.74,12.08,9.84,3.76,46.15,17.34,14.88,3.38,18.3,4.38,3.36,0.93
"Bury North","James Frith","Labour",7.73,29.66,31.49,12.81,10.19,3.82,47.51,18.34,16.37,3.87,20.16,4.82,3.66,0.94
"Bury South","Mr Ivan Lewis","Independent",8.09,29.43,32.91,14.16,10.91,4.64,48.29,18.99,16.59,4.79,20.96,6.14,4.27,1.06
"Bury St Edmunds","Jo Churchill","Conservative",6.32,24.86,29.3,10.78,10.38,4.03,44.49,15.65,13.36,2.84,16.67,4.21,3.29,0.83
"Calder Valley","Craig Whittaker","Conservative",7.26,28.6,31.61,12.17,11.09,3.99,47.75,17.6,15.67,3.62,19.67,4.97,3.99,0.89
"Camberwell and Peckham","Ms Harriet Harman","Labour",8.21,31.56,34.78,15.22,12.63,5.04,51.04,21.3,18.33,4.85,22.59,6.05,5.14,1.26
"Camborne and Redruth","George Eustice","Conservative",7.07,25.83,32.53,13.63,10.4,5.22,46.62,18.84,15.43,4.27,19.03,5.49,3.53,1.07
"Cambridge","Daniel Zeichner","Labour",7.01,26.41,31.45,12.04,10.38,4.02,46.16,17.29,14.84,3.6,18.56,4.96,3.7,0.96
"Cannock Chase","Amanda Milling","Conservative",6.4,25.17,30.3,11.65,9.89,4.14,44.68,16.41,14.13,3.39,17.34,4.57,3.44,0.87
"Canterbury","Rosie Duffield","Labour",6.62,25.79,29.75,11.3,9.74,3.7,44.77,16.43,13.95,3.04,17.2,4.05,3.24,0.88
"Carlisle","John Stevenson","Conservative",6.76,26.51,31.7,12.81,10.05,4.42,46.21,17.63,15.25,3.89,18.76,5.03,3.48,0.91
"Carshalton and Wallington","Tom Brake","Liberal Democrat",7.66,27.27,32.56,13.78,10.66,4.9,47.25,18.8,15.75,4.36,19.68,5.73,3.93,1.06
"Castle Point","Rebecca Harris","Conservative",7.7,27.37,31.38,12.64,9.77,3.89,46.51,18.34,15.44,3.92,18.88,4.81,3.32,0.98
"Central Devon","Mel Stride","Conservative",7.18,26.78,31.3,12.29,9.75,3.82,45.86,17.4,15.18,3.48,18.55,4.67,3.32,0.91
"Central Suffolk and North Ipswich","Dr Dan Poulter","Conservative",6.25,24.89,29.25,10.75,9.67,3.77,44.3,15.51,13.32,2.82,16.59,4.13,3.15,0.83
"Charnwood","Edward Argar","Conservative",6.46,25.34,30.19,11.73,10.37,4.17,44.99,16.47,13.97,3.06,17.28,4.38,3.38,0.88
"Chatham and Aylesford","Tracey Crouch","Conservative",7.13,27.47,31.87,12.8,10.9,4.15,46.97,18.11,15.56,4.01,19.13,5.17,3.74,0.89
"Cheadle","Mary Robinson","Conservative",6.2,25.67,29.26,10.88,9.94,3.83,45.12,15.79,13.74,2.75,16.8,3.9,2.9,0.66
"Chelmsford","Vicky Ford","Conservative",6.15,25.05,29.66,10.94,9.8,3.44,44.26,15.76,13.53,2.96,16.83,4.11,3.32,0.87
"Chelsea and Fulham","Greg Hands","Conservative",7.35,28.12,31.32,12.45,10.26,3.96,46.92,18.01,15.83,3.6,19.45,4.63,3.51,0.91
"Cheltenham","Alex Chalk","Conservative",6.8,26.74,30.38,11.76,9.76,3.71,45.69,16.88,14.53,3.17,17.87,4.2,3.29,0.92
"Chesham and Amersham","Dame Cheryl Gillan","Conservative",5.67,24.17,27.84,10.04,10.76,3.92,43.69,15.08,12.57,2.34,15.53,3.41,3.07,0.64
"Chesterfield","Toby Perkins","Labour",7.34,27.73,35.6,15.12,10.82,4.99,48.29,20.39,16.82,4.62,20.65,6.08,3.88,1.19
"Chichester","Gillian Keegan","Conservative",6.41,25.52,29.63,10.95,9.8,3.68,44.59,16.09,13.84,3.01,17.22,4.17,3.28,0.88
"Chingford and Woodford Green","Mr Iain Duncan Smith","Conservative",7.79,27.89,36.89,15.76,11.76,5.66,48.98,20.9,17.46,5.03,21.62,7.05,4.35,1.18
"Chippenham","Michelle Donelan","Conservative",7.33,25.94,30.75,11.77,9.72,3.79,45.12,16.89,14.42,3.44,17.9,4.69,3.41,0.93
"Chipping Barnet","Theresa Villiers","Conservative",8.83,28.32,34.47,14.57,10.4,4.33,48.85,20.16,17.62,4.99,21.75,6.16,3.96,1.12
"Chorley","Sir Lindsay Hoyle","Labour",6.86,27.44,30.88,11.63,10.64,3.74,46.52,16.85,14.97,3.33,18.73,4.59,3.74,0.89
"Christchurch","Sir Christopher Chope","Conservative",7.49,27.47,32.69,13.27,9.71,3.93,46.88,18.4,16.12,3.86,19.43,4.98,3.3,0.9
"Cities of London and Westminster","Mark Field","Conservative",7.56,29.06,37.9,16.15,11.53,5.72,49.98,21.6,18.28,5.05,22.5,6.73,4.08,1.16
"City of Chester","Christian Matheson","Labour",7.07,27.18,31.24,12.32,10.09,3.97,46.5,17.92,15.57,3.49,18.98,4.47,3.26,0.92
"City of Durham","Dr Roberta Blackman-Woods","Labour",6.66,26.33,29.81,11.34,9.79,3.66,45.34,16.29,13.98,3.03,17.2,4.11,3.2,0.87
"Clacton","Giles Watling","Conservative",7.28,30.09,33.26,13.9,11.94,4.34,48.9,19.72,17.15,4.26,20.89,5.37,4.27,1.21
"Cleethorpes","Martin Vickers","Conservative",6.83,27.24,33.13,13.33,11.48,4.83,47.3,18.82,16.05,4.07,19.69,5.24,3.8,1.09
"Colchester","Will Quince","Conservative",6.6,26.22,31.63,12.73,10.33,4.51,46.18,17.69,15.18,3.78,18.7,4.85,3.52,0.95
"Colne Valley","Thelma Walker","Labour",7.16,27.36,32.04,12.04,10.51,3.89,46.99,17.27,15.5,3.5,19.36,4.9,3.79,1
"Congleton","Fiona Bruce","Conservative",6.84,25.26,30.95,12.6,10.53,4.61,45.22,17.14,14.17,3.39,17.53,4.88,3.57,0.94
"Copeland","Trudy Harrison","Conservative",7.61,27.57,32.37,13.33,10.34,4.27,47.44,19.14,16.27,4,19.95,5.07,3.54,1
"Corby","Tom Pursglove","Conservative",6.54,25.48,29.55,11.19,9.37,3.53,44.4,16.06,13.62,3.01,16.73,3.98,3.09,0.88
"Coventry North East","Colleen Fletcher","Labour",7.9,29.81,34.55,14.83,10.76,4.71,49.21,20.34,18.25,4.56,22.13,5.83,3.71,1.18
"Coventry North West","Mr Geoffrey Robinson","Labour",6.68,25.93,31.04,12.27,10.3,4.33,45.63,17.13,14.75,3.68,18.22,4.85,3.58,0.94
"Coventry South","Mr Jim Cunningham","Labour",6.81,26,31.28,12.22,10.08,3.62,45.4,17.35,14.79,3.81,18.11,4.87,3.49,0.87
"Crawley","Henry Smith","Conservative",6.83,26.62,30.14,11.58,10,3.79,45.62,16.82,14.41,3.14,17.77,4.21,3.33,0.89
"Crewe and Nantwich","Laura Smith","Labour",7.08,27.48,30.9,12.23,9.9,3.8,46.33,17.47,15.12,3.47,18.61,4.48,3.41,0.93
"Croydon Central","Sarah Jones","Labour",7.97,26.32,34.97,14.9,11.46,5.67,48.85,20.36,17.52,4.85,21.44,6.31,3.9,1.19
"Croydon North","Mr Steve Reed","Labour Co-op",7.17,27.87,32.41,13.23,11.24,4.57,47.55,18.86,16.18,4.1,19.9,5.22,3.87,0.96
"Croydon South","Chris Philp","Conservative",6.36,26.29,30.65,11.45,10.78,3.79,46.06,16.59,14.4,3.12,18.03,4.31,3.68,0.91
"Dagenham and Rainham","Jon Cruddas","Labour",7.8,28.16,34.14,14.66,10.81,4.88,48.31,20.14,17.53,4.49,21.41,5.85,3.77,1.24
"Darlington","Jenny Chapman","Labour",7.25,28.08,32.57,13.31,11.22,4.59,47.68,19.01,16.58,4.18,20.27,5.28,3.72,0.93
"Dartford","Gareth Johnson","Conservative",6.25,25.87,29.9,11.01,10.08,3.53,45.03,15.95,13.96,2.97,17.35,4.13,3.36,0.88
"Daventry","Chris Heaton-Harris","Conservative",8.14,26.65,32.82,13.33,10.02,4.06,46.72,18.41,15.74,4.05,19.28,5.37,3.52,0.97
"Denton and Reddish","Andrew Gwynne","Labour",7.31,29,36.49,15.51,11.3,5.15,49.32,20.87,17.83,4.77,21.87,6.18,3.9,1.16
"Derby North","Chris Williamson","Independent",6.44,25.92,31.83,12.35,11.09,4.56,46.03,17.68,15.23,3.72,18.54,4.73,3.43,1.07
"Derby South","Margaret Beckett","Labour",7.15,29.88,33.6,14.19,11.87,4.58,49.31,19.92,17.25,4.33,20.94,5.49,4.07,1.2
"Derbyshire Dales","Sir Patrick McLoughlin","Conservative",6.01,23.8,28.92,10.99,9.37,3.69,43.45,15.9,12.96,2.63,15.83,3.67,2.77,0.78
"Devizes","Claire Perry","Conservative",6.43,24.94,29.72,11.39,10.02,4.01,44.55,16.12,13.49,3,16.82,4.32,3.36,0.9
"Dewsbury","Paula Sherriff","Labour",6.97,26.9,30.34,11.87,9.84,3.75,45.71,17.08,14.54,3.33,17.95,4.33,3.38,0.93
"Don Valley","Caroline Flint","Labour",6.42,26.1,31.82,12.34,10.43,4.38,45.92,17.55,15.26,3.74,18.45,4.71,3.14,1.04
"Doncaster Central","Dame Rosie Winterton","Labour",7,27.06,32.15,12.91,10.82,4.35,46.86,18.39,15.86,4.01,19.37,5.1,3.58,0.88
"Doncaster North","Edward Miliband","Labour",7.5,28.5,33.68,14.1,10.74,4.6,48.16,19.55,17.35,4.3,21.13,5.59,3.67,1.17
"Dover","Charlie Elphicke","Conservative",6.56,26.45,32.41,12.77,11.03,4.57,46.45,18.07,15.62,3.88,19.02,4.92,3.47,1.07
"Dudley North","Ian Austin","Independent",9.53,29.73,37.28,16.9,10.17,4.58,50.86,21.85,19.9,5.76,23.82,6.91,3.58,1.22
"Dudley South","Mike Wood","Conservative",6.7,26.71,33.46,13.57,11.68,5.17,47.34,19.17,16.03,4.05,19.61,5.22,3.68,1.08
"Dulwich and West Norwood","Helen Hayes","Labour",7.57,26.99,32.87,13.87,11.37,5.34,47.4,19.75,16.48,4.42,20.18,5.66,3.75,1.04
"Ealing Central and Acton","Dr Rupa Huq","Labour",6.54,26.52,32.32,12.74,11.03,4.57,46.62,18.11,15.53,3.82,18.88,4.83,3.38,1.07
"Ealing North","Stephen Pound","Labour",7.96,27.35,34.15,14.49,11.3,4.98,48.57,19.92,17.08,4.79,21.06,6.12,4.1,1.14
"Ealing, Southall","Mr Virendra Sharma","Labour",6.63,25.64,32.23,12.57,10.84,4.49,45.67,17.73,15.25,3.9,18.66,5.03,3.65,1.1
"Easington","Grahame Morris","Labour",7.44,30.76,33.74,14.31,12.27,4.64,50,20.14,17.44,4.37,21.33,5.57,4.52,1.23
"East Devon","Sir Hugo Swire","Conservative",6.63,25.29,30.24,11.87,10.88,4.43,45.1,16.64,13.89,3.12,17.29,4.56,3.66,0.9
"East Ham","Stephen Timms","Labour",7.68,28.02,33.19,13.96,10.78,4.77,47.67,19.7,17.02,4.34,20.7,5.64,3.58,1.18
"East Hampshire","Mr Damian Hinds","Conservative",6.76,27.21,30.59,11.91,10.09,3.95,46.77,16.88,14.73,3.11,18.21,4.39,3.39,0.75
"East Surrey","Mr Sam Gyimah","Conservative",6.21,24.73,29.62,11.1,10.38,4.15,44.52,15.97,13.49,2.85,16.77,4.17,3.19,0.85
"East Worthing and Shoreham","Tim Loughton","Conservative",6.52,26.24,30.48,11.27,10.49,3.82,45.74,16.31,14.32,3.09,17.89,4.42,3.58,0.88
"East Yorkshire","Sir Greg Knight","Conservative",7.64,28.22,32.32,13.27,10.21,4.14,47.47,19.13,16.36,3.89,20.15,4.91,3.66,1.03
"Eastbourne","Stephen Lloyd","Independent",6.72,26.06,31.41,12.67,10.32,4.51,46.08,17.6,14.86,3.7,18.35,4.89,3.59,0.97
"Eastleigh","Mims Davies","Conservative",7.89,27.81,31.37,12.52,9.97,3.86,46.59,17.65,15.12,3.65,18.82,4.97,3.66,0.95
"Eddisbury","Antoinette Sandbach","Conservative",6.74,27.11,31.21,11.84,10.55,3.97,46.45,17.15,15.1,3.4,18.83,4.65,3.65,0.92
"Edmonton","Kate Osamor","Labour Co-op",6.38,28.3,32.86,13.52,11.01,4.3,47.56,19.13,16.58,4.05,19.86,5.09,3.22,1.14
"Ellesmere Port and Neston","Justin Madders","Labour",6.36,25.68,30.78,12.07,10.27,4.42,45.42,17.06,14.6,3.48,17.95,4.57,3.47,0.9
"Elmet and Rothwell","Alec Shelbrooke","Conservative",6.81,25.43,30.87,12.6,10.56,4.37,45.28,17.21,14.15,3.26,17.55,4.66,3.72,0.95
"Eltham","Clive Efford","Labour",6.91,26.7,31.42,12.28,10.9,4.05,46.2,17.63,15.23,3.86,18.65,4.95,3.56,0.83
"Enfield North","Joan Ryan","Change UK - The Independent Group",7.63,29.42,34.53,15.16,12.23,5.31,49.88,21.28,17.67,4.73,21.6,5.91,4.53,1.27
"Enfield, Southgate","Bambos Charalambous","Labour",7.68,28.43,32.44,13.21,10.2,4.11,47.72,18.9,16.62,3.88,20.32,4.97,3.52,0.94
"Epping Forest","Dame Eleanor Laing","Conservative",6.26,25.92,30.25,11.22,10.59,3.73,45.65,16.24,14.15,3.04,17.61,4.25,3.43,0.87
"Epsom and Ewell","Chris Grayling","Conservative",5.94,24.99,28.37,10.32,10.1,3.66,44.22,15.26,13.06,2.49,16,3.52,2.9,0.66
"Erewash","Maggie Throup","Conservative",6.77,26.28,32.85,12.98,11.38,4.88,46.61,18.46,15.69,3.94,19.21,5.15,3.69,1.13
"Erith and Thamesmead","Teresa Pearce","Labour",8.94,31.03,36.26,15.78,11.02,4.87,51.05,21.16,19.33,5.09,23.57,6.44,4.08,1.34
"Esher and Walton","Dominic Raab","Conservative",5.59,23.87,27.44,9.59,9.99,3.48,42.88,14.25,12.2,2.21,14.96,3.24,2.83,0.62
"Exeter","Mr Ben Bradshaw","Labour",6.9,26.69,30.11,11.62,10.18,3.75,45.82,16.74,14.32,3.16,17.72,4.26,3.39,0.91
"Fareham","Suella Braverman","Conservative",5.45,22.96,27.34,9.49,9.58,3.46,42,14.04,11.84,2.16,14.52,3.2,2.77,0.64
"Faversham and Mid Kent","Helen Whately","Conservative",7.01,26.9,30.56,11.91,10.38,3.98,46.18,17.5,14.92,3.34,18.38,4.37,3.41,0.92
"Feltham and Heston","Seema Malhotra","Labour Co-op",7.11,27.56,31.8,12.64,11.06,4.06,46.85,18.11,15.68,3.97,19.29,5.07,3.79,0.9
"Filton and Bradley Stoke","Jack Lopresti","Conservative",7.14,26.73,30.92,12.06,9.64,3.76,45.61,17.05,14.81,3.37,18.2,4.62,3.33,0.91
"Finchley and Golders Green","Mike Freer","Conservative",8.21,26.77,32.85,12.66,9.22,3.85,46.41,18.27,15.79,3.97,19.4,5.43,3.25,1.01
"Folkestone and Hythe","Damian Collins","Conservative",6.47,25.19,31.36,12.07,10.72,4.52,45.18,17.22,14.79,3.67,18.03,4.81,3.45,1.07
"Forest of Dean","Mr Mark Harper","Conservative",6.79,27.11,31.38,11.87,10.56,3.97,46.62,17.1,15.1,3.36,18.85,4.7,3.69,0.92
"Fylde","Mark Menzies","Conservative",6.74,25.44,29.97,11.45,10.46,3.99,44.94,16.27,13.88,3.14,17.26,4.49,3.61,0.9
"Gainsborough","Sir Edward Leigh","Conservative",7.7,27.11,30.29,11.87,9.3,3.53,45.1,17.14,14.56,3.65,18.03,4.56,3.46,0.92
"Garston and Halewood","Maria Eagle","Labour",8.33,30.15,34.95,14.97,11.23,4.82,49.89,20.41,18.37,4.74,22.52,6.08,4.07,1.25
"Gateshead","Ian Mearns","Labour",7.98,30.07,34.81,15.01,10.88,4.74,49.58,20.56,18.51,4.63,22.43,5.88,3.73,1.2
"Gedling","Vernon Coaker","Labour",7.42,28.61,30.97,12.26,10.4,3.83,47.24,17.65,15.3,3.54,19.03,4.6,3.7,0.94
"Gillingham and Rainham","Rehman Chishti","Conservative",6.88,26.31,31.21,12.37,10.54,4.5,46.15,17.32,14.83,3.66,18.39,4.95,3.7,0.96
"Gloucester","Richard Graham","Conservative",6.81,26.71,32.61,12.89,11.56,4.84,46.85,18.23,15.65,3.93,19.24,5.24,3.87,1.1
"Gosport","Caroline Dinenage","Conservative",8.11,28.18,32.71,13.46,10.64,4.27,47.93,19.22,16.53,4.05,20.5,5.3,3.88,1.02
"Grantham and Stamford","Nick Boles","Independent",6.52,25.92,30.6,11.42,10.73,3.89,45.7,16.47,14.33,3.16,17.95,4.51,3.67,0.91
"Gravesham","Adam Holloway","Conservative",7.93,26.01,33.52,14.24,10.77,5.28,47.3,18.99,15.79,4.81,19.72,6.46,3.91,1.2
"Great Grimsby","Melanie Onn","Labour",9.13,29.17,37.06,16.8,12.7,5.74,52.01,22.72,18.91,5.42,23.4,6.89,5.54,1.36
"Great Yarmouth","Brandon Lewis","Conservative",8.39,28.29,36,15.62,11.11,5.25,50.22,20.97,18.52,5.18,22.83,6.63,4.33,1.27
"Greenwich and Woolwich","Matthew Pennycook","Labour",7.96,29.96,34.09,14.49,11.11,4.68,49.09,20.07,17.94,4.48,21.94,5.78,3.9,1.22
"Guildford","Anne Milton","Conservative",6.3,25.08,29.4,10.81,10.68,3.95,44.69,15.8,13.48,2.85,16.84,4.12,3.48,0.86
"Hackney North and Stoke Newington","Ms Diane Abbott","Labour",9.19,31.32,36.58,16.12,11.17,4.94,51.21,21.51,19.68,5.25,24.08,6.6,4.25,1.39
"Hackney South and Shoreditch","Meg Hillier","Labour Co-op",9.37,31.18,37.45,17,13.24,6.11,53.35,23.25,20,5.66,24.67,7.07,5.53,1.37
"Halesowen and Rowley Regis","James Morris","Conservative",7.55,28.07,33.97,13.89,10.32,4.12,47.15,19.14,16.35,4.57,20.23,5.88,4.22,1.13
"Halifax","Holly Lynch","Labour",7.19,27.86,32.55,13.37,11.01,4.5,47.62,18.98,16.31,4.14,19.96,5.25,3.71,0.95
"Haltemprice and Howden","Mr David Davis","Conservative",6.03,24.88,28.65,10.53,10.26,3.75,44.27,15.32,13.03,2.54,16.15,3.71,3.25,0.73
"Halton","Derek Twigg","Labour",7.03,27.14,32.04,12.85,10.77,4.19,46.82,18.24,15.68,3.97,19.22,5.09,3.66,0.92
"Hammersmith","Andy Slaughter","Labour",6.64,28.56,32.69,13.44,11.07,4.22,47.32,19.08,16.43,4.06,19.84,5.13,3.7,1.17
"Hampstead and Kilburn","Tulip Siddiq","Labour",7.31,27.38,33.83,13.81,10.25,4.19,46.67,18.92,16.21,4.55,19.98,5.8,4.04,1.12
"Harborough","Neil O'Brien","Conservative",6.53,25.25,29.48,11.12,9.95,3.87,44.65,15.91,13.53,2.96,16.85,4.32,3.33,0.84
"Harlow","Robert Halfon","Conservative",7.8,26.89,37.06,15.71,10.95,5.38,48.34,20.89,17.28,5.15,21.14,6.99,3.75,1.3
"Harrogate and Knaresborough","Andrew Jones","Conservative",6.67,26.95,29.94,11.62,9.94,3.7,46.27,16.42,14.06,2.98,17.47,4.22,3.46,0.83
"Harrow East","Bob Blackman","Conservative",6.36,26.13,30.05,11.44,10.38,3.8,45.88,16.71,14.12,2.96,17.41,3.94,3.28,0.88
"Harrow West","Gareth Thomas","Labour Co-op",7.35,26.59,30.96,12.18,9.9,3.79,45.88,17.48,14.83,3.56,18.36,4.59,3.5,0.99
"Hartlepool","Mike Hill","Labour",7.02,28.62,32.99,13.73,11.98,4.54,48.01,19.49,16.53,4.16,20.19,5.34,4.32,1.22
"Harwich and North Essex","Sir Bernard Jenkin","Conservative",7.99,27.4,33.18,12.55,10.28,3.85,47.31,17.76,15.95,4.21,20.02,5.71,4.03,1.03
"Hastings and Rye","Amber Rudd","Conservative",7.79,30.06,33.33,13.88,10.89,4.33,48.52,19.22,17.29,4.32,21.24,5.61,3.91,1.13
"Havant","Alan Mak","Conservative",6.48,26.53,32.03,12.63,11.15,4.53,46.45,18.1,15.52,3.82,18.88,4.73,3.41,1.06
"Hayes and Harlington","John McDonnell","Labour",7.3,28.3,32.35,13.24,10.93,4.19,47.55,18.76,16.19,4.16,19.93,5.27,3.9,0.96
"Hazel Grove","Mr William Wragg","Conservative",7.55,26.61,31.82,12.29,10.16,4.19,46.25,17.95,15.29,3.7,18.97,5.11,3.52,1.03
"Hemel Hempstead","Sir Mike Penning","Conservative",7.23,28.01,31.43,12.53,10.04,3.89,46.9,18.08,15.9,3.61,19.39,4.55,3.33,0.93
"Hemsworth","Jon Trickett","Labour",7.47,28.74,35.25,15.17,10.78,4.76,48.67,20.38,16.86,4.68,20.8,6.14,4.11,1.24
"Hendon","Dr Matthew Offord","Conservative",7.41,27.76,33.01,13.99,10.22,4.61,47.67,18.78,16.14,4.39,20.01,5.62,3.69,0.98
"Henley","John Howell","Conservative",5.49,22.78,27.19,9.45,9.42,3.33,41.46,13.94,11.74,2.24,14.45,3.22,2.87,0.64
"Hereford and South Herefordshire","Jesse Norman","Conservative",6.37,25.59,30.15,11.14,10.3,3.71,45.11,16.05,13.92,3.01,17.4,4.32,3.52,0.9
"Hertford and Stortford","Mr Mark Prisk","Conservative",5.68,23.63,27.48,9.71,10.23,3.64,42.83,14.33,12.05,2.23,14.92,3.41,3.08,0.65
"Hertsmere","Oliver Dowden","Conservative",7.33,26.93,31.43,12.51,9.78,3.89,46.02,17.56,15.1,3.52,18.58,4.8,3.43,0.92
"Hexham","Guy Opperman","Conservative",5.73,24.16,27.82,9.87,10.35,3.67,43.4,14.67,12.49,2.36,15.42,3.43,3.05,0.68
"Heywood and Middleton","Liz McInnes","Labour",7.46,28.54,32.92,13.7,11.33,4.85,48.11,19.48,16.81,4.33,20.69,5.49,3.98,1.03
"High Peak","Ruth George","Labour",6.67,26.74,30.62,11.49,10.26,3.71,45.87,16.51,14.55,3.23,18.17,4.54,3.59,0.9
"Hitchin and Harpenden","Bim Afolami","Conservative",5.47,23.29,27.42,9.53,9.91,3.52,42.45,14.21,12.07,2.17,14.79,3.18,2.78,0.65
"Holborn and St Pancras","Keir Starmer","Labour",7.2,29.99,34.08,14.53,12,4.9,49.69,20.51,17.69,4.42,21.47,5.56,4.13,1.21
"Hornchurch and Upminster","Julia Lopez","Conservative",6.23,24.93,30.32,11.62,10.04,4.1,44.55,16.5,14.15,3.37,17.38,4.4,3.46,0.9
"Hornsey and Wood Green","Catherine West","Labour",6.32,25.3,30.42,11.74,10.22,4.2,44.92,16.61,14.29,3.41,17.6,4.5,3.52,0.91
"Horsham","Jeremy Quin","Conservative",6.14,25.72,28.37,10.38,10.48,3.65,44.72,15.25,13.22,2.59,16.34,3.7,3.17,0.69
"Houghton and Sunderland South","Bridget Phillipson","Labour",7.69,28.25,33.65,14.3,10.19,4.48,48.07,19.91,17,4.4,20.87,5.62,3.92,1.13
"Hove","Peter Kyle","Labour",6.86,27.45,32.02,12.09,10.18,3.83,46.85,17.3,15.63,3.51,19.38,4.77,3.55,0.92
"Huddersfield","Mr Barry Sheerman","Labour Co-op",7.08,27.54,31.89,12.8,10.53,3.73,46.8,18.12,15.54,3.99,19.12,5.05,3.76,0.94
"Huntingdon","Mr Jonathan Djanogly","Conservative",6.34,25.25,29.37,10.7,9.6,3.59,44.16,15.7,13.6,2.95,16.92,4.12,3.21,0.86
"Hyndburn","Graham P Jones","Labour",7.36,25.74,33.38,13.86,10.66,5.25,46.52,19.93,15.67,4.34,18.95,5.67,3.14,1.26
"Ilford North","Wes Streeting","Labour",7.01,26.67,30.44,11.64,10.15,3.83,45.87,16.89,14.6,3.16,18.05,4.3,3.44,0.91
"Ilford South","Mike Gapes","Change UK - The Independent Group",6.51,25.43,31.43,12.05,9.73,3.92,44.8,17.03,14.83,3.8,18.01,4.74,3.32,1.07
"Ipswich","Sandy Martin","Labour",6.54,26.25,32.04,12.47,11.27,4.64,46.44,17.81,15.37,3.77,18.73,4.86,3.47,1.06
"Isle of Wight","Mr Bob Seely","Conservative",7.17,27.24,32.53,13.51,10.26,4.59,47.09,18.41,15.85,4.19,19.6,5.36,3.64,0.98
"Islington North","Jeremy Corbyn","Labour",8.22,29.26,35.54,15.68,12.21,5.66,50.82,21.91,18.34,4.98,22.29,6.27,4.3,1.3
"Islington South and Finsbury","Emily Thornberry","Labour",7.35,30.49,34.1,14.61,12.38,4.69,50.18,20.52,17.76,4.46,21.64,5.58,4.38,1.24
"Jarrow","Mr Stephen Hepburn","Labour",7.23,28.05,32.75,13.41,10.87,4.52,47.59,19.11,16.7,4.16,20.39,5.25,3.68,0.95
"Keighley","John Grogan","Labour",7.59,28.82,32.53,13.5,10.28,4.09,47.96,19.22,16.64,3.95,20.48,4.96,3.69,0.99
"Kenilworth and Southam","Jeremy Wright","Conservative",6.22,25.74,29.9,11.29,9.92,3.85,45.6,16.21,14.1,2.85,17.23,3.97,2.93,0.67
"Kensington","Emma Dent Coad","Labour",7.42,27.71,32.23,13.33,10.76,4.6,47.54,18.24,15.71,4.2,19.57,5.5,3.84,1.07
"Kettering","Mr Philip Hollobone","Conservative",7.57,29.3,32.45,13.22,9.78,3.84,47.84,18.79,16.84,3.92,20.5,4.8,3.44,0.94
"Kingston and Surbiton","Sir Edward Davey","Liberal Democrat",7.04,26.78,30.71,11.94,9.9,3.81,45.75,17.31,14.83,3.35,18.27,4.48,3.39,0.9
"Kingston upon Hull East","Karl Turner","Labour",8.28,33.05,34.7,15.07,11.77,4.65,51.24,20.99,18.56,4.79,22.79,5.97,4.97,1.26
"Kingston upon Hull North","Diana Johnson","Labour",7.2,30.41,33.71,14.3,12.01,4.54,49.75,20.28,17.49,4.3,21.22,5.37,4.07,1.21
"Kingston upon Hull West and Hessle","Emma Hardy","Labour",6.75,28.5,32.98,13.64,11.77,4.4,48.02,19.18,16.49,4.05,20.04,5.26,4.04,1.19
"Kingswood","Chris Skidmore","Conservative",7.62,25.55,32.17,12.77,9.99,4.17,45.87,17.86,15.06,3.71,18.56,5.15,3.45,0.95
"Knowsley","Sir George Howarth","Labour",7.02,29.99,33.54,13.96,11.96,4.59,49.48,19.81,17.29,4.18,20.92,5.33,3.89,1.2
"Lancaster and Fleetwood","Cat Smith","Labour",8.85,29.41,32.47,13.71,9.24,3.8,47.71,19.65,16.52,4.5,20.12,5.37,3.41,0.99
"Leeds Central","Hilary Benn","Labour",7.92,32.46,34.92,15.15,12.13,4.67,51.51,21.22,18.9,4.74,22.97,5.8,4.36,1.21
"Leeds East","Richard Burgon","Labour",8.37,30.65,35.27,15.39,12.44,5.1,50.98,21.3,18.43,4.93,22.64,6.22,4.97,1.28
"Leeds North East","Fabian Hamilton","Labour",7.23,26.86,32.72,12.6,10.55,4.4,47.12,18.01,15.63,3.77,19.54,5.28,3.83,1.02
"Leeds North West","Alex Sobel","Labour Co-op",6.6,25.27,29.33,10.67,9.67,3.66,44.19,15.65,13.56,2.99,16.92,4.27,3.26,0.86
"Leeds West","Rachel Reeves","Labour",7.73,29.1,33.82,14,12.61,5.08,49.18,19.91,17.16,4.21,21.09,5.67,4.77,1.24
"Leicester East","Keith Vaz","Labour",7.58,28.19,33.66,14.08,10.81,4.77,48.31,19.73,17.26,4.46,21.1,5.65,3.8,1.03
"Leicester South","Jonathan Ashworth","Labour Co-op",7.18,28.05,32.11,12.99,10.84,4.08,47.23,18.5,16.05,4.07,19.69,5.15,3.75,0.92
"Leicester West","Liz Kendall","Labour",7.55,31.18,34.19,14.65,12.63,4.66,50.73,20.6,17.86,4.53,21.88,5.64,4.72,1.26
"Leigh","Jo Platt","Labour Co-op",7.59,25.56,30.86,12.9,9.23,4.19,45.13,18.19,14.54,4.18,17.59,5.13,3.05,0.93
"Lewes","Maria Caulfield","Conservative",6.93,27.39,31.02,11.63,10.36,3.69,46.47,16.66,14.92,3.37,18.66,4.72,3.71,0.9
"Lewisham East","Janet Daby","Labour",7.65,26.22,33.58,13.97,10.81,4.66,47.34,19.14,16.65,4.3,20.4,5.74,3.7,1.21
"Lewisham West and Penge","Ellie Reeves","Labour",7.62,29.23,33.54,14.01,10.5,4.42,48.19,19.37,17.35,4.33,21.1,5.6,3.63,1.17
"Lewisham, Deptford","Vicky Foxcroft","Labour",6.83,29.52,33.58,14.1,11.59,4.53,49.08,19.94,17.28,4.27,20.81,5.31,3.62,1.18
"Leyton and Wanstead","John Cryer","Labour",7.03,26.76,35.54,14.95,11.77,5.94,48.13,20.62,16.88,4.55,20.64,6.06,3.68,1.14
"Lichfield","Michael Fabricant","Conservative",7.69,27.64,30.77,11.79,9.79,3.59,45.79,16.89,15.02,3.52,18.66,4.7,3.6,0.92
"Lincoln","Karen Lee","Labour",7.27,28.06,32.39,13.19,11.35,4.43,47.63,18.77,16.2,4.13,19.98,5.27,3.95,0.99
"Liverpool, Riverside","Dame Louise Ellman","Labour Co-op",7.56,28.89,33.57,14.3,9.73,3.88,47.57,19.88,16.66,4.5,20.16,5.51,3.83,1.24
"Liverpool, Walton","Dan Carden","Labour",6.54,28.16,32.83,13.45,11.74,4.37,47.82,19.18,16.43,3.97,19.85,5.07,3.69,1.18
"Liverpool, Wavertree","Luciana Berger","Independent",7.6,28.39,33.43,13.84,11.17,4.69,48.26,19.29,17.03,4.24,20.93,5.63,3.87,1.14
"Liverpool, West Derby","Stephen Twigg","Labour Co-op",6.87,29.55,33.24,13.9,12.05,4.56,48.87,19.73,17.03,4.21,20.67,5.31,4.04,1.19
"Loughborough","Nicky Morgan","Conservative",7.12,27.48,31.54,11.92,10.7,3.94,46.95,17.14,15.19,3.39,19.07,4.85,3.9,0.95
"Louth and Horncastle","Victoria Atkins","Conservative",6.81,26.26,31.14,12.39,10.3,4.48,45.89,17.31,14.81,3.65,18.33,4.91,3.65,0.96
"Ludlow","Mr Philip Dunne","Conservative",7.01,25.16,31.3,13.08,10.79,4.92,45.33,17.52,14.16,3.48,17.6,5.11,3.85,1.01
"Luton North","Kelvin Hopkins","Independent",6.7,26.34,32.43,12.8,11.67,5.03,46.66,18.33,15.61,3.89,19.11,5.13,3.67,1.08
"Luton South","Mr Gavin Shuker","Independent",6.82,26.41,31.38,12.25,10.62,3.79,45.98,17.49,15.05,3.83,18.41,4.88,3.49,0.86
"Macclesfield","David Rutley","Conservative",7.24,25.86,31.89,13.44,10.93,4.53,45.94,17.64,14.8,3.79,18.21,5.31,3.84,0.98
"Maidenhead","Mrs Theresa May","Conservative",5.84,24.25,28.26,10.11,10.06,3.67,43.68,14.9,12.78,2.41,15.67,3.51,2.88,0.67
"Maidstone and The Weald","Mrs Helen Grant","Conservative",6.49,25.42,29.57,10.89,9.74,3.73,44.44,16.1,13.86,3.04,17.19,4.22,3.23,0.86
"Makerfield","Yvonne Fovargue","Labour",8.1,28.87,32.46,13.06,10.35,3.87,47.69,18.44,16.39,4.12,20.51,5.18,4.09,1.04
"Maldon","Mr John Whittingdale","Conservative",6.59,25.67,29.87,11.1,9.69,3.71,44.69,16.18,14,3.11,17.34,4.3,3.25,0.87
"Manchester Central","Lucy Powell","Labour Co-op",8.24,31.67,34.58,14.95,12.38,4.91,50.77,21.22,18.5,4.75,22.59,5.88,4.62,1.24
"Manchester, Gorton","Afzal Khan","Labour",8.26,29.2,34.7,14.97,10.93,4.89,48.99,20.37,18.01,4.64,22.12,6.07,4.06,1.23
"Manchester, Withington","Jeff Smith","Labour",7.19,27.98,35.06,14.53,11.53,5.17,48.14,20.2,17.19,4.52,21.1,5.81,3.89,1.12
"Mansfield","Ben Bradley","Conservative",7.15,27.67,32.46,13.3,11.14,4.5,47.6,18.86,16.06,4.13,19.72,5.25,3.79,0.98
"Meon Valley","George Hollingbery","Conservative",6.71,25.44,30.88,12.43,10.36,4.34,45.28,16.92,14.25,3.31,17.57,4.72,3.46,0.91
"Meriden","Dame Caroline Spelman","Conservative",6.58,26.07,32.34,12.64,11.19,4.7,46.27,18.06,15.48,3.86,18.88,4.93,3.52,1.08
"Mid Bedfordshire","Ms Nadine Dorries","Conservative",7.14,26.92,31.5,12.54,10.76,4.32,47.35,17.69,15.28,3.52,19,4.92,3.68,0.92
"Mid Derbyshire","Mrs Pauline Latham","Conservative",7.01,26.08,31.46,13.11,10.96,4.53,45.87,17.61,14.72,3.44,18.17,4.9,3.98,0.97
"Mid Dorset and North Poole","Michael Tomlinson","Conservative",6.6,25.34,30.76,12.27,10.4,4.46,45.17,16.94,14.25,3.24,17.53,4.61,3.35,0.89
"Mid Norfolk","George Freeman","Conservative",7.55,27.12,31.56,12.62,9.65,3.82,46.05,17.73,15.29,3.67,18.71,4.86,3.38,0.91
"Mid Sussex","Sir Nicholas Soames","Conservative",6.28,25.38,29.4,11.02,10.32,3.97,45.32,15.97,13.62,2.68,16.77,3.95,3.11,0.7
"Mid Worcestershire","Nigel Huddleston","Conservative",7.09,27.22,31.59,12.02,10.55,3.99,46.61,17.3,15.2,3.53,19.08,4.92,3.9,0.98
"Middlesbrough","Andy McDonald","Labour",7.51,31.01,35.05,15.19,11.87,5.01,50.63,21.34,18.82,4.67,22.77,5.74,4.09,1.22
"Middlesbrough South and East Cleveland","Mr Simon Clarke","Conservative",7.21,27.83,32.25,13.15,10.73,4.18,47.19,18.63,16.04,4.12,19.68,5.22,3.76,0.9
"Milton Keynes North","Mark Lancaster","Conservative",7.4,27.53,32.38,13.45,10.29,4.54,47.11,18.36,15.82,4.22,19.64,5.45,3.73,1.01
"Milton Keynes South","Iain Stewart","Conservative",7.56,27.58,33.12,14.03,10.55,4.76,47.66,18.89,16.17,4.48,20.15,5.78,3.85,1.06
"Mitcham and Morden","Siobhain McDonagh","Labour",6.62,26.26,32.59,12.9,11.03,4.76,46.32,18.31,15.58,3.86,19.04,4.98,3.62,1.1
"Mole Valley","Sir Paul Beresford","Conservative",5.96,24.63,28.44,10.34,9.86,3.6,43.82,15.12,12.87,2.51,15.85,3.58,3.02,0.72
"Morecambe and Lunesdale","David Morris","Conservative",8.74,28.33,37.64,15.92,11.47,5.25,49.6,21.57,17.46,5.55,21.73,7.64,4.59,1.25
"Morley and Outwood","Andrea Jenkyns","Conservative",7.1,25.25,30.53,11.94,9.98,4.14,44.92,17.34,14.21,3.4,17.68,4.74,3.4,0.94
"New Forest East","Dr Julian Lewis","Conservative",7.88,26.66,32.92,13.45,9.97,4.2,46.55,18.84,16.04,3.96,19.52,5.23,3.46,0.98
"New Forest West","Sir Desmond Swayne","Conservative",6.66,25.24,30.92,12.45,10.81,4.8,45.21,17.31,14.32,3.29,17.64,4.68,3.46,0.91
"Newark","Robert Jenrick","Conservative",7.46,27.18,31.53,12.6,10.12,4.01,46.37,17.97,15.37,3.59,18.97,4.83,3.56,0.94
"Newbury","Richard Benyon","Conservative",6.6,25.09,30.75,12.33,10.6,4.68,45.06,17.07,14.14,3.24,17.45,4.65,3.39,0.89
"Newcastle-under-Lyme","Paul Farrelly","Labour",7.03,26.65,30.62,12.17,9.77,3.8,45.85,17.58,14.6,3.43,17.96,4.37,3.3,0.96
"Newcastle upon Tyne Central","Chi Onwurah","Labour",7.57,28.47,34.13,14.4,10.78,4.8,48.64,19.97,17.72,4.36,21.43,5.67,3.53,1.14
"Newcastle upon Tyne East","Mr Nicholas Brown","Labour",7.3,30.08,33.81,14.33,11.66,4.62,49.28,20.1,17.42,4.34,21.19,5.53,4.22,1.21
"Newcastle upon Tyne North","Catherine McKinnell","Labour",6.71,26.61,33.2,13.27,11.32,5.04,46.9,18.81,16.01,4.04,19.53,5.22,3.55,1.1
"Newton Abbot","Anne Marie Morris","Conservative",6.76,26.18,32.15,12.33,10.69,4.54,46.58,17.88,15.33,3.57,19.06,4.93,3.61,0.95
"Normanton, Pontefract and Castleford","Yvette Cooper","Labour",7.14,27.61,32.46,13.19,11.14,4.54,47.35,18.85,16.28,4.11,19.95,5.2,3.76,0.93
"North Cornwall","Scott Mann","Conservative",7.19,27.17,32.07,13.1,10.31,4.3,47.13,19.08,16.08,3.82,19.62,4.78,3.37,0.96
"North Devon","Peter Heaton-Jones","Conservative",6.64,26.38,30.41,11.25,10.29,3.68,45.65,16.14,14.22,3.12,17.81,4.5,3.64,0.86
"North Dorset","Simon Hoare","Conservative",7.36,25.05,31.06,13.01,9.24,4.11,44.82,17.67,14.17,3.51,17.39,4.88,3.09,0.99
"North Durham","Mr Kevan Jones","Labour",7.6,26.87,35.88,15,11.67,5.49,48.04,20,16.65,4.74,20.69,6.75,4.44,1.2
"North East Bedfordshire","Alistair Burt","Conservative",7.69,27.27,30.97,12.09,9.77,3.67,45.83,17.52,14.91,3.41,18.51,4.57,3.55,0.92
"North East Cambridgeshire","Stephen Barclay","Conservative",7.41,27.87,32.06,13.23,10.22,4.33,47.19,18.24,15.57,3.93,19.38,5.13,3.81,1
"North East Derbyshire","Lee Rowley","Conservative",7.89,27.48,33.45,12.84,9.62,3.8,47.29,18.08,16.05,4.03,19.97,5.53,3.73,1
"North East Hampshire","Mr Ranil Jayawardena","Conservative",5.46,23.22,27.21,9.46,9.9,3.55,42.27,14.11,11.94,2.16,14.62,3.2,2.76,0.6
"North East Hertfordshire","Sir Oliver Heald","Conservative",7.24,26.29,31.23,12.54,9.52,3.69,45.44,17.52,14.67,3.64,18.09,4.72,3.35,0.95
"North East Somerset","Mr Jacob Rees-Mogg","Conservative",6.81,25.26,30.77,12.44,10.74,4.51,45.23,16.91,14.05,3.22,17.45,4.8,3.68,0.95
"North Herefordshire","Bill Wiggin","Conservative",7.95,26.19,30.41,11.93,9.35,3.67,45.06,17.53,14.21,3.61,17.48,4.68,3.18,0.95
"North Norfolk","Norman Lamb","Liberal Democrat",6.32,25.33,29.84,11,10.04,3.56,44.64,15.8,13.65,2.96,17.07,4.26,3.48,0.87
"North Shropshire","Mr Owen Paterson","Conservative",7.63,26.98,31.48,12.43,9.95,3.97,46.11,17.78,15.28,3.61,18.81,4.88,3.49,0.94
"North Somerset","Dr Liam Fox","Conservative",5.96,23.99,28.13,10.1,10.79,4.05,43.43,15.34,12.83,2.4,15.89,3.55,3.19,0.69
"North Swindon","Justin Tomlinson","Conservative",6.55,26.21,30.36,11.31,10.13,3.65,45.4,16.18,14.15,3.12,17.71,4.47,3.62,0.87
"North Thanet","Sir Roger Gale","Conservative",6.63,26.26,32.84,13.14,11.5,5.19,46.68,18.71,15.74,3.98,19.24,5.17,3.62,1.1
"North Tyneside","Mary Glindon","Labour",7.13,26.81,32.16,13.11,11.45,5.12,46.98,18.91,15.77,4.08,19.39,5.25,3.78,0.99
"North Warwickshire","Craig Tracey","Conservative",7.08,27.77,31.34,11.87,10.69,3.77,47,16.99,15.19,3.44,19.05,4.83,3.87,0.92
"North West Cambridgeshire","Mr Shailesh Vara","Conservative",7.5,28.55,31.17,12.41,10.11,3.83,47.01,17.82,15.5,3.55,19.21,4.63,3.66,0.95
"North West Durham","Laura Pidcock","Labour",8.06,27.45,32.18,13.3,9.7,3.72,46.08,18,15.4,4.53,19.44,5.63,4.2,0.97
"North West Hampshire","Kit Malthouse","Conservative",6.26,24.78,29.18,10.66,9.97,3.9,44.28,15.51,13.23,2.75,16.55,4.12,3.27,0.83
"North West Leicestershire","Andrew Bridgen","Conservative",6.77,25.21,30.99,11.58,10.56,3.91,45.12,16.56,14.26,3.23,18.01,4.71,3.91,0.98
"North West Norfolk","Sir Henry Bellingham","Conservative",6.52,26.08,31.1,12.31,10.09,4.35,45.66,17.29,14.91,3.67,18.3,4.7,3.43,0.89
"North Wiltshire","James Gray","Conservative",7.5,25.7,29.97,11.65,8.63,3.46,44.37,16.29,13.86,3.47,17.11,4.82,3.22,0.76
"Northampton North","Michael Ellis","Conservative",8.53,28.68,35.78,15.07,9.58,4.34,47.96,20.86,17.44,5.3,21.24,6.85,3.53,1.15
"Northampton South","Andrew Lewer","Conservative",8.87,30.94,35.13,15.39,9.72,3.88,49.95,21.22,18.97,5.13,23.16,6.33,4.03,1.04
"Norwich North","Chloe Smith","Conservative",6.54,25.8,30.85,12.16,10.38,4.39,45.64,17.04,14.56,3.54,17.96,4.73,3.56,0.91
"Norwich South","Clive Lewis","Labour",7.08,27.34,31.6,12.51,10.88,4,46.68,17.82,15.35,3.9,18.88,5.05,3.73,0.84
"Nottingham East","Mr Chris Leslie","Change UK - The Independent Group",7.04,28.75,33.99,14.49,12.41,5.3,49.22,20.62,17.43,4.41,21.17,5.58,4.11,1.21
"Nottingham North","Alex Norris","Labour Co-op",7.83,30.4,34.46,15.08,12.43,5.36,50.42,21.18,17.72,4.61,21.78,5.93,4.86,1.28
"Nottingham South","Lilian Greenwood","Labour",6.71,26.14,31.3,12.21,10.43,3.73,45.72,17.41,14.97,3.8,18.25,4.82,3.37,0.83
"Nuneaton","Mr Marcus Jones","Conservative",8.18,29.14,37.67,16.56,10.76,4.77,49.4,21.44,17.96,5.61,22.26,7.41,4.4,1.18
"Old Bexley and Sidcup","James Brokenshire","Conservative",6.45,25.08,29.26,10.8,9.46,3.53,43.95,15.74,13.36,3.01,16.67,4.15,3.2,0.87
"Oldham East and Saddleworth","Debbie Abrahams","Labour",6.96,27.03,31.62,12.52,10.99,4.12,46.57,17.9,15.42,3.91,18.9,5.01,3.61,0.86
"Oldham West and Royton","Jim McMahon","Labour Co-op",7.58,29.14,33.53,13.99,10.1,4.27,48.03,19.26,17.22,4.3,20.85,5.55,3.48,1.14
"Orpington","Joseph Johnson","Conservative",6.51,25.56,30.54,11.33,10.21,3.73,45.14,16.34,14.2,3.13,17.71,4.42,3.5,0.92
"Oxford East","Anneliese Dodds","Labour Co-op",7.86,28.8,35.69,15.06,10.45,4.31,48.42,20.36,17.1,4.9,21.15,6.32,4.26,1.16
"Oxford West and Abingdon","Layla Moran","Liberal Democrat",6.26,25.28,29.42,11.1,10.11,3.84,45.09,15.91,13.56,2.81,16.72,4.02,3.14,0.74
"Pendle","Andrew Stephenson","Conservative",6.08,25.07,30.32,11.64,10.13,4.19,44.72,16.57,14.23,3.32,17.46,4.3,3.42,0.88
"Penistone and Stocksbridge","Angela Smith","Independent",6.58,25.18,30.45,12.02,10.57,4.4,44.97,16.79,13.98,3.15,17.34,4.51,3.56,0.93
"Penrith and The Border","Rory Stewart","Conservative",5.8,25.12,28.42,10.4,10.62,3.77,44.58,15.34,13.1,2.49,16.17,3.52,3.12,0.68
"Peterborough","Ms Lisa Forbes","Labour",7.38,27.61,33,13.55,10.61,4.46,47.33,18.87,16.67,4.15,20.32,5.48,3.58,1.13
"Plymouth, Moor View","Johnny Mercer","Conservative",7.14,26.85,32.32,12.95,10.35,4.28,46.56,18.07,15.99,3.98,19.47,5.35,3.42,1.04
"Plymouth, Sutton and Devonport","Luke Pollard","Labour Co-op",7.41,28.51,32.25,13.05,11,4.18,47.66,18.59,16.15,4.12,19.89,5.28,3.9,0.95
"Poole","Sir Robert Syms","Conservative",7.22,27.92,31.66,12.69,9.97,3.91,46.91,18.2,15.99,3.65,19.52,4.6,3.38,0.94
"Poplar and Limehouse","Jim Fitzpatrick","Labour",6.36,26.96,32.14,12.98,10.84,3.94,45.96,18.36,15.67,3.88,18.91,4.97,3.56,1.17
"Portsmouth North","Penny Mordaunt","Conservative",6.52,25.84,31.93,12.39,11.16,4.63,46,17.67,15.23,3.79,18.58,4.89,3.52,1.07
"Portsmouth South","Stephen Morgan","Labour",7.52,28.15,32.95,13.5,10.73,4.47,47.74,18.82,16.6,4.14,20.29,5.52,3.63,1.08
"Preston","Sir Mark Hendrick","Labour Co-op",7.21,27,32.85,13.41,10.38,4.32,46.81,18.72,16.5,4.12,20.06,5.38,3.46,1.12
"Pudsey","Stuart Andrew","Conservative",6.66,25.41,30.83,12.45,10.76,4.55,45.31,17.13,14.27,3.28,17.62,4.66,3.54,0.92
"Putney","Justine Greening","Conservative",6.44,25.23,30.53,11.75,10.4,4.35,45.07,16.64,14.28,3.38,17.63,4.6,3.59,0.92
"Rayleigh and Wickford","Mr Mark Francois","Conservative",6.32,24.8,29.41,10.93,10.24,4.08,44.41,15.76,13.34,2.83,16.68,4.24,3.36,0.87
"Reading East","Matt Rodda","Labour",7.3,27.62,32.8,12.54,10.32,3.93,47.4,17.75,15.91,3.78,19.86,5.2,3.83,0.99
"Reading West","Alok Sharma","Conservative",6,24.67,30.15,11.54,10.21,4.15,44.56,16.4,13.99,3.27,17.15,4.28,3.41,0.89
"Redcar","Anna Turley","Labour Co-op",7,25.95,32.18,12.95,10.19,4.2,46.03,18.07,15.64,3.96,19.06,5.27,3.38,1.08
"Redditch","Rachel Maclean","Conservative",8.75,29.11,34.58,14.76,9.99,3.94,48.98,19.99,17.8,5.14,21.94,6.07,3.95,1.02
"Reigate","Crispin Blunt","Conservative",6.2,24.81,29.13,10.75,9.83,3.75,44.27,15.63,13.21,2.78,16.51,4.02,3.2,0.86
"Ribble Valley","Mr Nigel Evans","Conservative",5.45,22.89,27.14,9.4,9.88,3.49,41.98,13.92,11.76,2.15,14.45,3.22,2.82,0.63
"Richmond (Yorks)","Rishi Sunak","Conservative",6.7,25.34,30.25,11.85,10.91,4.42,45.18,16.53,13.82,3.15,17.25,4.65,3.75,0.92
"Richmond Park","Zac Goldsmith","Conservative",5.56,23.09,27.42,9.53,10.19,3.62,42.48,14.2,12,2.19,14.76,3.29,2.89,0.66
"Rochdale","Tony Lloyd","Labour",7.95,30.05,34.14,14.59,10.85,4.7,49.08,20.16,17.88,4.52,21.83,5.81,3.86,1.24
"Rochester and Strood","Kelly Tolhurst","Conservative",6.25,24.98,30.27,11.71,10.21,4.22,44.74,16.59,14.09,3.3,17.34,4.41,3.5,0.92
"Rochford and Southend East","James Duddridge","Conservative",7.89,27.77,34.46,14.59,10.89,4.88,48.56,20.13,17.78,4.43,21.57,5.82,3.64,1.17
"Romford","Andrew Rosindell","Conservative",8.1,27.71,34.13,14.7,10.57,4.84,48.33,19.49,16.67,4.88,20.78,6.27,3.87,1.1
"Romsey and Southampton North","Caroline Nokes","Conservative",6.52,25.18,30.37,11.94,10.67,4.41,45.08,16.64,13.95,3.11,17.27,4.52,3.42,0.89
"Rossendale and Darwen","Jake Berry","Conservative",7.13,27.2,30.88,12.21,10.17,3.92,46.35,17.68,15.06,3.46,18.59,4.48,3.48,0.94
"Rother Valley","Sir Kevin Barron","Labour",6.78,25.71,32.23,13.35,10.78,5.34,46.4,18.49,15.35,4.03,19.02,5.36,3.68,1
"Rotherham","Sarah Champion","Labour",7.05,29.38,34.31,14.67,12.54,5.35,49.78,20.89,17.81,4.43,21.66,5.57,4.25,1.21
"Rugby","Mark Pawsey","Conservative",7.38,27.38,32.11,12.83,9.57,3.81,46.42,17.93,15.73,3.69,19.05,4.81,3.29,0.89
"Ruislip, Northwood and Pinner","Mr Nick Hurd","Conservative",6.42,25.03,29.57,10.98,10.13,4,44.57,15.8,13.47,2.87,16.82,4.27,3.41,0.87
"Runnymede and Weybridge","Mr Philip Hammond","Conservative",6.21,24.72,29.09,10.66,9.76,3.83,44.19,15.44,13.15,2.75,16.44,4.1,3.17,0.83
"Rushcliffe","Mr Kenneth Clarke","Conservative",6.33,26.31,30,11.47,10.3,3.93,46.09,16.47,14.35,2.87,17.62,4.04,3.11,0.72
"Rutland and Melton","Sir Alan Duncan","Conservative",7.66,26.78,30.89,12.38,9.22,3.55,46.14,17,14.55,3.76,18.03,5.12,3.45,0.82
"Saffron Walden","Mrs Kemi Badenoch","Conservative",6.79,23.95,31.47,12.4,10.33,4.42,45.62,17.16,14.33,3.31,17.75,4.89,3.41,0.95
"Salford and Eccles","Rebecca Long Bailey","Labour",7.67,28.78,33.61,14.12,10.62,4.55,48.15,19.48,17.21,4.35,21.02,5.67,3.73,1.18
"Salisbury","John Glen","Conservative",6.14,24.32,28.7,10.17,9,3.31,43.44,15,12.86,2.76,16.17,3.93,3.17,0.81
"Scarborough and Whitby","Mr Robert Goodwill","Conservative",8.17,27.98,33.06,14.11,9.62,4.03,47.23,18.62,15.94,4.8,19.93,6.06,3.95,1.08
"Scunthorpe","Nic Dakin","Labour",7.8,27.97,32.32,13.28,9.8,3.62,46.62,18.78,15.9,4.35,19.67,5.47,4.02,0.97
"Sedgefield","Phil Wilson","Labour",6.48,25.94,31.76,12.26,10.78,4.33,45.93,17.61,15.16,3.7,18.42,4.63,3.32,1.07
"Sefton Central","Bill Esterson","Labour",6.68,25.17,30.18,11.76,10.44,4.28,44.89,16.48,13.81,3.16,17.18,4.59,3.55,0.92
"Selby and Ainsty","Nigel Adams","Conservative",6.89,25.27,30.5,12.49,9.49,3.96,44.93,16.97,13.81,3.44,17.13,4.73,3.37,0.92
"Sevenoaks","Sir Michael Fallon","Conservative",6.52,25.1,29.92,11.33,10.38,4.17,44.78,16.08,13.63,2.96,17.01,4.41,3.53,0.88
"Sheffield Central","Paul Blomfield","Labour",7.6,27.48,32.07,13.36,9.61,3.81,46.69,19.21,15.8,4.27,19.11,5.26,3.23,0.91
"Sheffield South East","Mr Clive Betts","Labour",7.05,27.83,35.25,14.7,11.2,5.1,48.15,20.09,17.11,4.51,20.94,5.81,3.73,1.13
"Sheffield, Brightside and Hillsborough","Gill Furniss","Labour",7.03,29.23,32.56,13.35,11.92,4.23,48.05,19,16.42,4.03,19.99,5.21,4.11,1.16
"Sheffield, Hallam","Jared O'Mara","Independent",6.86,24.59,29.01,10.95,9.07,3.55,43.85,16.24,13.03,2.78,15.97,3.86,2.9,0.8
"Sheffield, Heeley","Louise Haigh","Labour",7.31,26.83,32.62,13.31,10.58,4.43,46.85,18.42,16.04,4.05,19.69,5.48,3.64,1.13
"Sherwood","Mark Spencer","Conservative",8.07,26.77,31.99,13.14,9.29,3.8,45.7,17.83,15.21,4.51,18.92,5.7,3.78,0.95
"Shipley","Philip Davies","Conservative",6.5,25.42,29.54,10.81,9.78,3.64,44.5,15.87,13.73,3.02,17.11,4.21,3.27,0.88
"Shrewsbury and Atcham","Daniel Kawczynski","Conservative",7.07,25.75,29.69,11.35,9.83,3.87,44.62,16.59,13.83,3.27,17.35,4.56,3.43,0.91
"Sittingbourne and Sheppey","Gordon Henderson","Conservative",7.53,28.82,33.07,13.65,11.22,4.52,48.33,19.32,17.04,4.34,20.9,5.49,3.91,1.02
"Skipton and Ripon","Julian Smith","Conservative",5.76,24.8,27.84,9.91,10.4,3.63,43.92,14.74,12.68,2.37,15.62,3.41,3,0.64
"Sleaford and North Hykeham","Dr Caroline Johnson","Conservative",6.21,24.53,29.31,11.01,10.7,4.19,44.37,15.86,13.21,2.79,16.55,4.18,3.37,0.89
"Slough","Mr Tanmanjeet Singh Dhesi","Labour",6.22,25.07,30.37,11.66,10.29,4.28,44.89,16.59,14.22,3.33,17.47,4.43,3.46,0.88
"Solihull","Julian Knight","Conservative",6.23,24.53,29.12,10.63,9.88,3.9,44.07,15.42,13.11,2.71,16.42,4.12,3.22,0.85
"Somerton and Frome","David Warburton","Conservative",7.09,24.99,30.09,11.32,9.76,3.84,44.32,16.2,13.62,3.12,17.2,4.61,3.49,0.92
"South Basildon and East Thurrock","Stephen Metcalfe","Conservative",8.21,27.76,35.55,15.38,11.71,5.83,50.03,20.86,18.33,5.11,22.45,6.59,4.06,1.2
"South Cambridgeshire","Heidi Allen","Independent",6.07,25.13,29.11,10.85,9.86,3.76,44.49,15.62,13.46,2.7,16.54,3.84,3.04,0.69
"South Derbyshire","Mrs Heather Wheeler","Conservative",7.31,26.81,31.74,12.58,9.91,4.07,46.23,17.97,15.45,3.55,18.85,4.8,3.36,0.91
"South Dorset","Richard Drax","Conservative",6.8,26.3,30.01,11.48,9.66,3.67,45.23,16.54,14.06,3.11,17.35,4.15,3.28,0.91
"South East Cambridgeshire","Lucy Frazer","Conservative",6.04,25.13,27.88,10,10.38,3.54,43.94,14.81,12.83,2.44,15.84,3.53,3.1,0.64
"South East Cornwall","Mrs Sheryll Murray","Conservative",6.46,26.25,30.48,11.29,10.09,3.56,45.52,16.25,14.31,3.1,17.82,4.32,3.47,0.89
"South Holland and The Deepings","Sir John Hayes","Conservative",6.47,26.48,30.21,11.1,10.01,3.44,45.35,15.98,14.19,3.05,17.75,4.27,3.58,0.88
"South Leicestershire","Alberto Costa","Conservative",6.01,24.01,27.37,10.07,9.52,3.55,42.71,15.15,12.16,2.48,14.85,3.41,2.7,0.68
"South Norfolk","Mr Richard Bacon","Conservative",6.53,25.29,30.78,12.23,10.32,4.45,45.09,16.95,14.29,3.21,17.56,4.53,3.3,0.86
"South Northamptonshire","Andrea Leadsom","Conservative",6.04,24.15,27.75,10.17,9.18,3.35,42.6,14.98,12.4,2.51,15.19,3.47,2.81,0.7
"South Ribble","Seema Kennedy","Conservative",6.86,25.91,30.08,11.13,9.91,3.81,44.98,16.38,14.19,3.11,17.67,4.39,3.4,0.89
"South Shields","Mrs Emma Lewell-Buck","Labour",7.77,28.6,34.01,14.52,10.57,4.65,48.4,19.88,17.31,4.44,21.16,5.77,3.77,1.25
"South Staffordshire","Gavin Williamson","Conservative",7.92,26.13,31.21,12.47,9.05,3.5,44.68,17.15,14.5,3.82,17.93,4.99,3.35,0.89
"South Suffolk","James Cartlidge","Conservative",7.13,26.38,30.29,11.48,9.97,3.82,45.51,16.66,14.38,3.3,17.86,4.58,3.4,0.89
"South Swindon","Robert Buckland","Conservative",6.99,27.3,30.41,11.85,9.75,3.67,45.95,16.96,14.63,3.27,18.03,4.29,3.36,0.9
"South Thanet","Craig Mackinlay","Conservative",6.97,26.42,31.46,12.34,10.74,4.12,46.03,17.58,14.99,3.83,18.45,5.02,3.7,0.85
"South West Bedfordshire","Andrew Selous","Conservative",7.24,27.82,30.6,11.96,10.34,3.83,46.61,17.34,15.04,3.4,18.6,4.46,3.52,0.92
"South West Devon","Sir Gary Streeter","Conservative",5.64,24.05,27.94,9.87,10.29,3.73,43.56,14.75,12.57,2.3,15.41,3.35,2.86,0.64
"South West Hertfordshire","Mr David Gauke","Conservative",5.75,23.67,27.62,9.66,10.71,3.8,43.22,14.38,12.18,2.23,15.13,3.47,3.19,0.64
"South West Norfolk","Elizabeth Truss","Conservative",7.42,28.62,31.66,12.7,9.85,3.85,47.19,18.12,16.08,3.72,19.64,4.7,3.4,0.93
"South West Surrey","Mr Jeremy Hunt","Conservative",6.18,24.43,28.76,10.53,10.63,3.94,44.39,15.41,13.01,2.59,16.12,3.87,3.24,0.75
"South West Wiltshire","Dr Andrew Murrison","Conservative",6.33,25.89,30.1,11.04,10.28,3.61,45.13,15.99,14.07,3,17.58,4.22,3.54,0.88
"Southampton, Itchen","Royston Smith","Conservative",7.03,26.73,31.57,12.42,10.97,4.22,46.33,17.77,15.22,3.88,18.73,5.05,3.72,0.87
"Southampton, Test","Dr Alan Whitehead","Labour",6.89,26.73,31.55,12.47,11.15,4.01,46.47,17.79,15.25,3.88,18.74,4.96,3.67,0.89
"Southend West","Sir David Amess","Conservative",6.34,26.07,30.29,11.23,10.05,3.6,45.3,16.19,14.21,3.05,17.66,4.25,3.39,0.89
"Southport","Damien Moore","Conservative",7.07,27.71,30.65,11.97,9.68,3.69,46.14,17.11,14.98,3.36,18.42,4.37,3.37,0.92
"Spelthorne","Kwasi Kwarteng","Conservative",6.65,26.59,31.6,11.88,10.55,4.06,46.39,17.22,15.15,3.38,18.87,4.64,3.63,0.96
"St Albans","Mrs Anne Main","Conservative",6.46,25.08,29.84,11.51,10.86,4.44,44.85,16.49,13.74,3.01,17.08,4.37,3.46,0.87
"St Austell and Newquay","Steve Double","Conservative",6.2,24.5,30.04,11.49,9.9,4.05,44.11,16.37,13.9,3.37,17.03,4.36,3.39,0.9
"St Helens North","Conor McGinn","Labour",8.06,29.22,34.25,14.69,9.73,4,48.66,20.2,17.84,4.74,21.76,5.91,3.81,1.06
"St Helens South and Whiston","Ms Marie Rimmer","Labour",7.77,29.14,33.68,14.21,10.86,4.57,48.5,19.58,17.45,4.41,21.28,5.73,3.73,1.18
"St Ives","Derek Thomas","Conservative",6.58,25.67,29.7,11.26,9.65,3.62,44.76,16.26,13.72,2.96,16.93,3.99,3.22,0.91
"Stafford","Jeremy Lefroy","Conservative",6.98,26.38,30.29,11.51,9.83,3.81,45.29,16.79,14.44,3.27,17.88,4.48,3.36,0.9
"Staffordshire Moorlands","Karen Bradley","Conservative",6.43,24.78,29.69,11.23,9.79,3.82,44.33,15.94,13.46,3.03,16.78,4.31,3.29,0.9
"Stalybridge and Hyde","Jonathan Reynolds","Labour Co-op",7.63,26.18,33.44,13.95,10.96,4.58,47.17,19.07,16.46,4.67,20.24,5.94,3.91,1.04
"Stevenage","Stephen McPartland","Conservative",6.51,25.61,31.35,12.48,10.23,4.59,45.74,17.4,14.87,3.65,18.24,4.83,3.41,0.87
"Stockport","Ann Coffey","Change UK - The Independent Group",6.69,26.71,33.36,13.35,11.38,5.01,47.14,18.92,16.16,4.07,19.64,5.19,3.39,1.09
"Stockton North","Alex Cunningham","Labour",8.93,30.75,36.76,16.56,10.18,4.52,50.63,21.64,19.64,5.31,23.74,6.49,3.85,1.3
"Stockton South","Dr Paul Williams","Labour",6.71,26.65,30.87,11.47,10.11,3.75,45.98,16.55,14.65,3.23,18.2,4.54,3.44,0.87
"Stoke-on-Trent Central","Gareth Snell","Labour Co-op",8.07,30.73,35.35,15.35,10.84,4.89,50.02,21.05,19.19,4.73,23.15,5.95,3.71,1.18
"Stoke-on-Trent North","Ruth Smeeth","Labour",8.61,30.51,36.54,16.18,10.86,4.99,50.81,21.65,19.73,5.09,23.85,6.36,3.87,1.36
"Stoke-on-Trent South","Jack Brereton","Conservative",7.57,28.82,33.14,13.79,11.06,4.77,48.24,19.62,17.17,4.36,21.02,5.52,3.86,0.99
"Stone","Sir William Cash","Conservative",5.82,24.69,28.18,10.04,10.51,3.74,44.05,15.05,12.93,2.39,15.91,3.42,3.02,0.66
"Stourbridge","Margot James","Conservative",7.83,30.14,33.54,13.96,10.17,4.02,48.87,19.73,17.95,4.28,21.9,5.14,3.69,0.96
"Stratford-on-Avon","Nadhim Zahawi","Conservative",7.08,25.31,31.49,12.89,10.9,4.52,45.47,17.21,14.36,3.57,17.79,5.13,3.83,0.99
"Streatham","Chuka Umunna","Independent",8,30.18,33.62,14.2,10.74,4.53,48.72,19.6,17.53,4.44,21.43,5.77,3.81,1.14
"Stretford and Urmston","Kate Green","Labour",7.99,26.24,33.4,14.15,11.05,5.12,47.4,18.77,15.82,4.75,19.85,6.46,4.05,1.16
"Stroud","Dr David Drew","Labour Co-op",6.68,25.37,31.73,13.44,10.78,5,45.6,17.9,14.65,3.49,17.96,4.92,3.5,0.93
"Suffolk Coastal","Dr Th<e9>r<e8>se Coffey","Conservative",6.17,24.65,28.86,10.22,9.53,3.51,43.63,15.14,13.15,2.83,16.4,4,3.13,0.86
"Sunderland Central","Julie Elliott","Labour",8.38,27.23,33.64,14.24,9.75,4.4,47.34,20.31,17.28,4.7,20.8,5.88,3.25,1.06
"Surrey Heath","Michael Gove","Conservative",6.42,24.93,29.4,10.91,10.61,4.17,44.6,15.82,13.4,2.86,16.76,4.29,3.43,0.85
"Sutton and Cheam","Paul Scully","Conservative",7.23,26.49,31.38,12.43,10.06,4.04,45.96,17.78,15.08,3.53,18.6,4.77,3.48,0.94
"Sutton Coldfield","Mr Andrew Mitchell","Conservative",8.12,25.85,33.69,13.78,10.94,4.87,48.6,18.72,15.52,4.13,19.63,6.13,4.34,1.03
"Tamworth","Christopher Pincher","Conservative",7.97,28.43,33.05,13.85,10.38,4.34,48.11,19.74,16.87,4.24,20.78,5.35,3.76,0.99
"Tatton","Esther McVey","Conservative",6.67,25.37,30.31,11.88,10.48,4.32,45.08,16.64,14.02,3.15,17.34,4.56,3.43,0.87
"Taunton Deane","Rebecca Pow","Conservative",6.76,26.8,32.8,12.69,10.7,4.56,47.21,18.29,15.88,3.61,19.73,4.96,3.65,0.98
"Telford","Lucy Allan","Conservative",7.73,27.58,33.25,13.94,10.16,4.43,47.12,19.2,16.63,4.35,20.32,5.67,3.63,1.17
"Tewkesbury","Mr Laurence Robertson","Conservative",7.12,25.77,30.92,12.17,9.83,3.96,45.28,17.42,14.4,3.4,17.9,4.67,3.43,0.95
"The Cotswolds","Sir Geoffrey Clifton-Brown","Conservative",6.4,25.28,28.96,10.8,10.57,3.94,44.75,15.74,13.3,2.71,16.59,4.01,3.48,0.77
"The Wrekin","Mark Pritchard","Conservative",7.99,26.59,32.76,13.21,10.4,4.17,47.37,18.61,16.03,4.25,19.74,5.42,3.61,1.01
"Thirsk and Malton","Kevin Hollinrake","Conservative",6.47,25.16,29.54,11.17,10.33,4.05,44.7,16.01,13.59,2.99,16.91,4.34,3.35,0.85
"Thornbury and Yate","Luke Hall","Conservative",6.39,25.01,30.11,11.61,10.27,4.36,44.77,16.4,13.8,2.98,17.09,4.37,3.28,0.85
"Thurrock","Jackie Doyle-Price","Conservative",6.61,26.07,32.49,12.78,11,4.8,46.3,18.07,15.45,3.87,18.84,5.07,3.5,1.08
"Tiverton and Honiton","Neil Parish","Conservative",7.75,27.59,32.35,13.04,9.82,3.93,46.73,18.35,16.02,3.8,19.44,4.98,3.41,0.92
"Tonbridge and Malling","Tom Tugendhat","Conservative",6.89,25.61,30.06,11.3,9.8,3.78,44.78,16.36,14,3.16,17.45,4.47,3.36,0.9
"Tooting","Dr Rosena Allin-Khan","Labour",7.09,26.74,32.04,13.09,10.12,4.57,46.53,17.94,15.44,4.04,19.05,5.3,3.57,0.96
"Torbay","Kevin Foster","Conservative",7.16,27.96,31.79,12.65,11.04,4,47.15,18.08,15.71,3.98,19.31,5.09,3.77,0.85
"Torridge and West Devon","Mr Geoffrey Cox","Conservative",6.77,25.96,30.85,11.63,10.4,3.88,45.59,16.72,14.35,3.33,18.02,4.69,3.74,0.96
"Totnes","Dr Sarah Wollaston","Independent",6.55,25.81,29.49,11.24,9.94,3.65,44.87,16.3,13.82,2.99,17.03,3.98,3.2,0.87
"Tottenham","Mr David Lammy","Labour",6.27,28.15,32.39,13.31,11.76,4,47.52,18.83,16.09,3.92,19.46,4.93,3.71,1.14
"Truro and Falmouth","Sarah Newton","Conservative",6.76,27.27,31.07,11.69,10.3,3.74,46.38,16.86,15.05,3.34,18.72,4.59,3.56,0.89
"Tunbridge Wells","Greg Clark","Conservative",7.3,25.49,30.56,12.21,9.29,3.56,44.75,16.69,14.06,3.62,17.43,4.93,3.61,0.89
"Twickenham","Sir Vince Cable","Liberal Democrat",5.51,23.49,27.51,9.67,10.04,3.65,42.69,14.39,12.16,2.22,14.93,3.28,2.85,0.63
"Tynemouth","Sir Alan Campbell","Labour",6.49,26.39,30.35,11.31,10.07,3.6,45.49,16.28,14.32,3.16,17.82,4.39,3.44,0.87
"Uxbridge and South Ruislip","Boris Johnson","Conservative",6.32,24.9,30.38,11.76,10.22,4.29,44.72,16.66,14.18,3.38,17.42,4.51,3.47,0.9
"Vauxhall","Kate Hoey","Labour",11.58,29.41,39.81,18.29,12.61,6.16,54.7,24.18,21.23,6.99,25.74,8.49,4.53,1.4
"Wakefield","Mary Creagh","Labour",7.17,27.92,33.56,13.55,11.69,4.87,47.83,18.98,16.29,4.24,20.13,5.65,4.16,1.12
"Wallasey","Ms Angela Eagle","Labour",7.43,28.56,33.79,14.25,10.37,4.44,48.27,19.5,17.27,4.33,20.93,5.59,3.51,1.18
"Walsall North","Eddie Hughes","Conservative",8.76,32.57,36.3,16.05,12.62,5.35,52.71,22.34,19.86,5.27,24.27,6.43,4.87,1.27
"Walsall South","Valerie Vaz","Labour",7.35,25.52,33.61,14.17,10.31,4.96,46.99,19.92,16.7,4.32,20.13,5.6,3.26,1.21
"Walthamstow","Stella Creasy","Labour Co-op",7.72,27.64,34.23,14.63,11.14,5.08,48.45,20.26,17.65,4.44,21.48,5.83,3.71,1.14
"Wansbeck","Ian Lavery","Labour",7.16,27.45,31.77,12.69,11.6,4.3,47.18,18.04,15.44,3.95,19.11,5.16,3.96,0.89
"Wantage","Mr Edward Vaizey","Conservative",6.92,26.02,30.26,12.04,10.78,4.09,45.42,16.71,14.24,3.29,17.67,4.69,3.8,0.88
"Warley","John Spellar","Labour",8.55,25.93,35.6,15.65,10.77,5.21,48.76,21.19,17.95,4.93,21.74,6.34,3.62,1.39
"Warrington North","Helen Jones","Labour",6.37,26.01,30.86,12.28,11.3,4.66,46.27,17.49,14.64,3.56,18.22,4.59,3.8,0.9
"Warrington South","Faisal Rashid","Labour",6.76,25.83,29.46,10.8,9.8,3.65,44.67,15.87,13.78,3.08,17.21,4.31,3.33,0.87
"Warwick and Leamington","Matt Western","Labour",8.1,26.83,33.62,14.05,9.92,4.19,47.01,19.29,16.18,4.16,19.73,5.42,3.54,1.01
"Washington and Sunderland West","Mrs Sharon Hodgson","Labour",7.51,29.14,33.96,14.36,10.94,4.62,48.93,19.87,17.6,4.36,21.4,5.61,3.67,1.14
"Watford","Richard Harrington","Conservative",6.73,25.43,29.97,11.14,9.93,3.86,44.73,16.36,13.95,3.03,17.43,4.36,3.39,0.9
"Waveney","Peter Aldous","Conservative",6.63,26.11,31.87,12.36,11.17,4.65,46.13,17.78,15.3,3.81,18.66,4.92,3.51,1.06
"Wealden","Ms Nusrat Ghani","Conservative",6.44,25.04,29.45,11.03,10.49,4.04,44.68,15.9,13.47,2.92,16.8,4.29,3.35,0.84
"Weaver Vale","Mike Amesbury","Labour",6.4,24.99,30.55,11.88,10.65,4.62,45.12,16.86,14.25,3.43,17.61,4.69,3.62,0.92
"Wellingborough","Mr Peter Bone","Conservative",7.42,27.53,33.06,14.14,10.28,4.85,47.48,18.94,16.05,4.37,19.99,5.72,3.83,1.07
"Wells","James Heappey","Conservative",7.62,27.41,32.35,13,9.62,3.83,46.44,18.14,15.97,3.85,19.32,4.95,3.33,0.92
"Welwyn Hatfield","Grant Shapps","Conservative",6.7,26.61,30.61,11.4,10.63,3.82,46.11,16.5,14.55,3.2,18.15,4.54,3.58,0.85
"Wentworth and Dearne","John Healey","Labour",7,27.3,31.96,12.75,10.8,4.08,46.83,18.16,15.71,3.94,19.24,5.03,3.66,0.91
"West Bromwich East","Tom Watson","Labour",7.65,29.8,34.05,14.35,10.49,4.49,48.71,19.74,17.97,4.4,21.72,5.65,3.56,1.17
"West Bromwich West","Mr Adrian Bailey","Labour Co-op",7.13,29.97,32.88,13.62,11.87,4.18,48.72,19.21,16.76,4.18,20.39,5.32,4.14,1.17
"West Dorset","Sir Oliver Letwin","Conservative",6.49,25,29.85,11.36,10.73,4.38,44.76,16.21,13.61,2.94,17,4.41,3.58,0.87
"West Ham","Lyn Brown","Labour",8.97,31.69,37.12,16.71,12.12,5.55,52.92,22.87,20.05,5.42,24.41,6.69,4.65,1.25
"West Lancashire","Rosie Cooper","Labour",6.11,25.04,30.36,11.82,10.42,4.34,44.91,16.85,14.24,3.33,17.52,4.33,3.49,0.9
"West Suffolk","Matt Hancock","Conservative",6.85,25.73,30.15,11.28,9.98,3.85,45.03,16.47,14.16,3.17,17.64,4.45,3.4,0.9
"West Worcestershire","Harriett Baldwin","Conservative",7.51,27.94,32.57,12.42,9.85,3.66,47.22,17.58,15.76,3.83,19.66,5.21,3.78,1
"Westminster North","Ms Karen Buck","Labour",6.7,25.42,32.79,13.42,11.17,4.36,45.75,18.7,15.73,4.01,19.08,5.31,3.82,1.23
"Westmorland and Lonsdale","Tim Farron","Liberal Democrat",6.19,25.75,29.05,10.9,10.46,3.81,45.19,15.84,13.63,2.73,16.81,3.86,3.18,0.73
"Weston-Super-Mare","John Penrose","Conservative",7.44,27.23,35.65,14.84,11.9,5.55,48.19,20.1,16.78,4.65,20.85,6.46,4.44,1.22
"Wigan","Lisa Nandy","Labour",6.31,25.41,31.1,12.01,10.74,4.32,45.39,17.29,14.81,3.58,17.94,4.47,3.21,1.05
"Wimbledon","Stephen Hammond","Conservative",6.47,25.68,29.86,11.31,10.36,4.08,45.46,16.34,14.11,2.9,17.41,4.18,3.24,0.69
"Winchester","Steve Brine","Conservative",6.17,25.31,28.03,10.15,10.29,3.57,44.26,14.85,12.75,2.48,15.8,3.68,3.2,0.63
"Windsor","Adam Afriyie","Conservative",8.17,27.38,31,12.26,9.31,3.75,46.72,17.73,14.77,3.6,18.28,4.94,3.45,0.89
"Wirral South","Alison McGovern","Labour",6.85,26.05,30.31,11.38,9.79,3.74,45.12,16.6,14.37,3.21,17.76,4.39,3.32,0.9
"Wirral West","Margaret Greenwood","Labour",7.57,26.09,30.78,11.91,9.22,3.45,44.53,16.68,14.32,3.6,17.82,4.74,3.42,0.9
"Witham","Priti Patel","Conservative",6.37,25.32,29.14,10.44,9.59,3.56,44.2,15.44,13.45,2.89,16.74,4.09,3.17,0.85
"Witney","Robert Courts","Conservative",6.33,24.7,28.58,10.42,10.37,3.81,44.23,15.21,12.87,2.56,16.01,3.89,3.31,0.74
"Woking","Mr Jonathan Lord","Conservative",6.49,24.8,29.5,11.12,10.45,4.09,44.44,15.78,13.34,2.98,16.74,4.46,3.6,0.89
"Wokingham","John Redwood","Conservative",5.54,23.27,27.12,9.35,8.88,3.14,41.38,13.77,11.79,2.23,14.45,3.16,2.76,0.63
"Wolverhampton North East","Emma Reynolds","Labour",8.85,33.95,35.6,15.6,10.34,4.07,52.05,21.37,19.13,5.09,23.27,6.14,4.45,1.27
"Wolverhampton South East","Mr Pat McFadden","Labour",9.83,33.65,36.8,16.45,10.61,4.32,53,22.4,19.76,5.58,24.13,6.66,4.79,1.32
"Wolverhampton South West","Eleanor Smith","Labour",7.39,26.71,34.24,14.07,10.17,4.51,46.93,19.48,16.11,4.57,19.63,5.85,3.49,1.15
"Worcester","Mr Robin Walker","Conservative",6.68,26.36,30.24,11.66,9.84,3.74,45.56,16.79,14.37,3.14,17.63,4.16,3.22,0.9
"Workington","Sue Hayman","Labour",7.33,27.43,31,12.09,10.04,3.78,46.34,17.34,15.04,3.48,18.69,4.55,3.64,0.95
"Worsley and Eccles South","Barbara Keeley","Labour",6.99,25.02,32.06,12.94,10.15,4.23,45.48,17.87,15.32,3.93,18.76,5.32,3.44,1.1
"Worthing West","Sir Peter Bottomley","Conservative",6.68,27.17,30.96,11.57,9.7,3.53,45.98,16.54,14.79,3.28,18.38,4.51,3.48,0.9
"Wycombe","Mr Steve Baker","Conservative",7.3,26.08,31.46,12.4,9.81,3.8,45.67,17.5,14.91,3.64,18.33,4.78,3.37,0.95
"Wyre and Preston North","Mr Ben Wallace","Conservative",6.18,25.36,29.13,10.79,9.97,3.81,44.84,15.65,13.54,2.65,16.6,3.84,2.97,0.67
"Wyre Forest","Mark Garnier","Conservative",8.23,26.94,33.49,14.27,11.18,5.41,47.84,19.16,16,4.58,20.17,6.44,4.19,1.15
"Wythenshawe and Sale East","Mike Kane","Labour",7.68,27.61,33.05,13.64,10.79,4.64,47.43,18.88,16.42,4.14,20.28,5.65,3.88,1.13
"Yeovil","Mr Marcus Fysh","Conservative",6.42,25.43,30.46,11.32,10.3,3.74,45.11,16.22,14.08,3.02,17.6,4.37,3.54,0.91
"York Central","Rachael Maskell","Labour Co-op",6.98,27.1,30.47,11.89,9.93,3.77,46.01,17.04,14.65,3.26,18.07,4.35,3.39,0.92
"York Outer","Julian Sturdy","Conservative",7.16,27.05,30.64,11.98,9.63,3.85,46.59,17.07,14.45,3.3,17.91,4.56,3.45,0.86
